order_id,order_date,region,carrier,product_category,order_value_eur,delivery_days
ORD-2025164,2024-01-01,Nord,Hermes,Electronics,100.47,1.9
ORD-2024991,2024-01-01,Ost,Hermes,Apparel,88.17,5.7
ORD-2027580,2024-01-01,Ost,UPS,Home,68.91,2.6
ORD-2027071,2024-01-01,Nord,GLS,Home,69.65,4.6
ORD-2026010,2024-01-01,West,UPS,Books,205.15,2.1
ORD-2025987,2024-01-01,West,DPD,Food,61.71,4.0
ORD-2028191,2024-01-01,Nord,UPS,Food,46.25,2.2
ORD-2024446,2024-01-01,Zentral,DPD,Electronics,25.76,3.2
ORD-2024648,2024-01-01,West,DHL,Food,34.4,3.3
ORD-2027275,2024-01-01,Sued,DHL,Electronics,97.47,1.0
ORD-2024755,2024-01-01,Zentral,DHL,Apparel,27.86,3.0
ORD-2026070,2024-01-01,Nord,DHL,Apparel,24.45,2.7
ORD-2024848,2024-01-01,West,Hermes,Apparel,43.32,5.5
ORD-2025028,2024-01-01,Zentral,DPD,Apparel,24.22,2.6
ORD-2024677,2024-01-01,West,UPS,Food,65.23,2.4
ORD-2028323,2024-01-02,Sued,DPD,Home,50.56,4.9
ORD-2025823,2024-01-02,Zentral,DHL,Food,14.5,1.6
ORD-2028758,2024-01-02,Nord,Hermes,Apparel,26.33,3.0
ORD-2026910,2024-01-02,West,Hermes,Electronics,19.9,1.0
ORD-2024263,2024-01-02,Nord,Hermes,Home,93.16,4.9
ORD-2027152,2024-01-02,Sued,DHL,Apparel,27.0,2.2
ORD-2024206,2024-01-02,Zentral,Hermes,Apparel,11.55,5.7
ORD-2028249,2024-01-02,Nord,DHL,Electronics,278.88,2.0
ORD-2026173,2024-01-02,Nord,Hermes,Electronics,167.84,4.1
ORD-2025948,2024-01-02,Ost,GLS,Home,105.75,3.3
ORD-2024063,2024-01-02,West,DHL,Apparel,146.61,1.9
ORD-2027330,2024-01-02,Ost,GLS,Apparel,43.87,2.0
ORD-2025289,2024-01-02,Sued,DHL,Apparel,85.68,3.5
ORD-2025864,2024-01-03,Sued,Hermes,Home,63.32,4.2
ORD-2027930,2024-01-03,Sued,DHL,Apparel,97.38,1.7
ORD-2028489,2024-01-03,Ost,DPD,Food,10.54,3.6
ORD-2026124,2024-01-03,Zentral,Hermes,Apparel,30.13,1.9
ORD-2024895,2024-01-03,West,GLS,Electronics,66.05,3.1
ORD-2025577,2024-01-03,Zentral,DHL,Books,43.22,1.5
ORD-2028687,2024-01-03,Sued,UPS,Home,29.36,1.3
ORD-2028845,2024-01-03,Ost,GLS,Home,49.31,2.4
ORD-2026677,2024-01-03,Nord,DPD,Electronics,149.37,1.9
ORD-2028131,2024-01-03,Sued,DHL,Electronics,72.68,3.6
ORD-2026731,2024-01-03,Ost,GLS,Books,63.59,3.8
ORD-2027769,2024-01-03,Zentral,DPD,Electronics,16.56,2.2
ORD-2025518,2024-01-03,Sued,UPS,Electronics,14.13,1.1
ORD-2028205,2024-01-03,Nord,DPD,Apparel,40.45,3.5
ORD-2026657,2024-01-03,West,DHL,Electronics,22.05,1.6
ORD-2026321,2024-01-03,West,Hermes,Apparel,26.68,1.0
ORD-2025486,2024-01-04,West,DHL,Apparel,55.42,2.1
ORD-2024968,2024-01-04,Sued,Hermes,Electronics,132.63,2.3
ORD-2026728,2024-01-04,Nord,DPD,Food,60.61,5.4
ORD-2025328,2024-01-04,Nord,UPS,Electronics,62.4,2.6
ORD-2024948,2024-01-04,West,DPD,Electronics,29.02,1.7
ORD-2025911,2024-01-04,Sued,DPD,Apparel,66.13,3.2
ORD-2024325,2024-01-04,Zentral,DPD,Apparel,82.78,3.2
ORD-2028104,2024-01-04,Nord,DHL,Apparel,86.16,2.4
ORD-2025723,2024-01-04,Ost,Hermes,Electronics,24.62,5.4
ORD-2027077,2024-01-04,West,DHL,Home,178.74,3.0
ORD-2024496,2024-01-04,West,DHL,Apparel,78.33,3.6
ORD-2027866,2024-01-04,Nord,DPD,Home,67.02,2.5
ORD-2026281,2024-01-05,Nord,Hermes,Home,43.51,5.3
ORD-2024415,2024-01-05,Sued,Hermes,Food,23.34,5.8
ORD-2027907,2024-01-05,Nord,DPD,Home,49.07,1.0
ORD-2028797,2024-01-05,West,DHL,Apparel,43.35,3.2
ORD-2026909,2024-01-05,Nord,Hermes,Home,190.03,3.7
ORD-2026330,2024-01-05,West,DHL,Home,17.3,2.1
ORD-2024842,2024-01-05,Sued,DPD,Books,14.36,3.3
ORD-2025561,2024-01-05,Ost,DHL,Apparel,31.13,3.3
ORD-2025044,2024-01-05,Zentral,DHL,Electronics,64.15,1.6
ORD-2026051,2024-01-05,Nord,DHL,Apparel,114.93,2.5
ORD-2024613,2024-01-05,Ost,DHL,Apparel,116.08,1.5
ORD-2025091,2024-01-05,West,DHL,Apparel,170.07,2.6
ORD-2024720,2024-01-05,Nord,GLS,Books,15.52,2.2
ORD-2024128,2024-01-05,Nord,DHL,Home,99.54,2.2
ORD-2026431,2024-01-05,Zentral,DHL,Apparel,87.41,1.8
ORD-2028270,2024-01-05,Nord,GLS,Food,55.42,3.6
ORD-2027494,2024-01-05,Sued,Hermes,Home,22.18,2.9
ORD-2027477,2024-01-05,Zentral,DHL,Books,43.49,3.5
ORD-2028663,2024-01-06,Sued,Hermes,Books,113.78,6.1
ORD-2024934,2024-01-06,Zentral,Hermes,Home,53.84,4.2
ORD-2027931,2024-01-06,Sued,DHL,Home,46.44,4.5
ORD-2028537,2024-01-06,Ost,GLS,Food,14.4,1.6
ORD-2024741,2024-01-06,West,DHL,Electronics,99.57,2.9
ORD-2024334,2024-01-06,West,DPD,Home,20.41,3.6
ORD-2024964,2024-01-06,Sued,UPS,Apparel,50.57,1.6
ORD-2028308,2024-01-06,Nord,Hermes,Food,28.68,3.3
ORD-2026862,2024-01-07,Ost,GLS,Apparel,61.01,4.3
ORD-2026467,2024-01-07,Nord,DHL,Electronics,12.08,3.2
ORD-2028616,2024-01-07,Ost,DHL,Books,19.86,2.6
ORD-2026381,2024-01-07,Nord,DHL,Apparel,62.76,1.3
ORD-2025714,2024-01-07,Ost,UPS,Books,61.39,2.6
ORD-2025462,2024-01-07,Nord,GLS,Electronics,52.09,2.5
ORD-2027379,2024-01-07,Sued,UPS,Electronics,57.73,2.1
ORD-2024605,2024-01-07,West,DPD,Home,27.65,9.5
ORD-2028372,2024-01-07,Nord,Hermes,Apparel,64.05,6.7
ORD-2025650,2024-01-07,West,DPD,Electronics,15.53,2.8
ORD-2025277,2024-01-07,Zentral,GLS,Apparel,31.81,1.0
ORD-2024894,2024-01-07,Nord,Hermes,Home,47.25,4.3
ORD-2028253,2024-01-07,Zentral,UPS,Home,42.72,2.5
ORD-2025859,2024-01-07,West,Hermes,Books,23.27,5.4
ORD-2028945,2024-01-07,Zentral,GLS,Home,41.62,4.8
ORD-2027836,2024-01-07,West,DHL,Electronics,62.12,1.7
ORD-2026966,2024-01-08,Sued,DHL,Apparel,21.47,4.0
ORD-2027977,2024-01-08,Zentral,UPS,Apparel,47.96,2.8
ORD-2027933,2024-01-08,West,DHL,Electronics,15.75,2.4
ORD-2026989,2024-01-08,Sued,DHL,Home,25.07,1.9
ORD-2024687,2024-01-08,West,Hermes,Food,25.9,6.2
ORD-2025250,2024-01-08,Ost,Hermes,Apparel,26.47,2.1
ORD-2025941,2024-01-08,Ost,Hermes,Electronics,6.46,2.6
ORD-2027181,2024-01-08,Ost,DHL,Food,85.67,1.6
ORD-2026044,2024-01-08,Zentral,DHL,Books,65.94,2.5
ORD-2027288,2024-01-08,Zentral,Hermes,Electronics,102.13,3.0
ORD-2025764,2024-01-08,Ost,DHL,Home,60.66,3.1
ORD-2027475,2024-01-08,Sued,UPS,Home,5.0,2.3
ORD-2027980,2024-01-08,West,GLS,Home,42.15,5.1
ORD-2024875,2024-01-08,West,Hermes,Apparel,57.58,6.4
ORD-2026565,2024-01-08,Zentral,UPS,Books,46.62,1.9
ORD-2028935,2024-01-08,Nord,Hermes,Apparel,56.69,1.8
ORD-2028743,2024-01-08,Ost,DPD,Apparel,50.52,2.4
ORD-2024828,2024-01-08,West,DHL,Home,117.53,2.1
ORD-2026543,2024-01-08,Ost,DHL,Electronics,28.23,2.2
ORD-2025319,2024-01-09,Sued,Hermes,Electronics,55.79,5.2
ORD-2028166,2024-01-09,Zentral,Hermes,Books,70.22,4.3
ORD-2026203,2024-01-09,Sued,Hermes,Books,61.37,3.5
ORD-2024097,2024-01-09,Nord,DHL,Electronics,135.23,3.7
ORD-2025597,2024-01-09,Ost,DHL,Food,45.43,2.5
ORD-2025783,2024-01-09,Zentral,DHL,Apparel,17.02,2.3
ORD-2024601,2024-01-09,Nord,Hermes,Apparel,20.46,4.5
ORD-2025843,2024-01-09,Sued,Hermes,Books,45.68,7.0
ORD-2024269,2024-01-09,Zentral,UPS,Apparel,43.83,2.1
ORD-2025567,2024-01-09,West,DPD,Electronics,58.02,1.6
ORD-2027651,2024-01-10,Zentral,DPD,Electronics,17.1,2.9
ORD-2026683,2024-01-10,Sued,DPD,Home,39.26,3.5
ORD-2028168,2024-01-10,West,DPD,Apparel,26.21,3.6
ORD-2024714,2024-01-10,West,DHL,Apparel,26.7,2.7
ORD-2026601,2024-01-10,Nord,DHL,Apparel,35.63,3.3
ORD-2025972,2024-01-10,Ost,Hermes,Books,61.61,2.2
ORD-2025003,2024-01-10,West,GLS,Apparel,33.6,3.1
ORD-2028015,2024-01-10,West,GLS,Home,38.39,1.9
ORD-2024484,2024-01-10,Sued,DHL,Food,40.16,2.3
ORD-2025090,2024-01-10,Zentral,DHL,Apparel,173.9,1.2
ORD-2026205,2024-01-10,Ost,DHL,Apparel,88.94,3.1
ORD-2026524,2024-01-10,Zentral,DHL,Apparel,264.46,1.0
ORD-2028577,2024-01-11,Sued,Hermes,Electronics,56.88,6.4
ORD-2026240,2024-01-11,Nord,DHL,Food,56.73,3.7
ORD-2027725,2024-01-11,Ost,GLS,Books,70.34,1.3
ORD-2025292,2024-01-11,West,Hermes,Apparel,18.04,4.4
ORD-2025801,2024-01-11,Zentral,GLS,Books,12.45,4.8
ORD-2028975,2024-01-11,Sued,Hermes,Apparel,22.12,5.2
ORD-2025379,2024-01-11,Sued,DPD,Home,40.66,2.1
ORD-2027942,2024-01-11,West,DHL,Apparel,271.06,1.7
ORD-2025538,2024-01-11,Ost,DPD,Home,107.63,3.8
ORD-2025122,2024-01-11,Zentral,UPS,Home,48.78,2.3
ORD-2026600,2024-01-11,Nord,Hermes,Electronics,65.81,2.9
ORD-2025700,2024-01-12,Ost,GLS,Electronics,25.92,1.1
ORD-2026412,2024-01-12,Sued,DHL,Apparel,92.94,1.2
ORD-2028263,2024-01-12,Nord,Hermes,Home,13.84,6.7
ORD-2024681,2024-01-12,Zentral,DHL,Electronics,31.53,2.1
ORD-2027840,2024-01-12,Nord,UPS,Apparel,99.41,1.4
ORD-2024518,2024-01-12,Zentral,DHL,Home,5.0,2.8
ORD-2026368,2024-01-12,Nord,GLS,Apparel,48.75,3.8
ORD-2026133,2024-01-12,Zentral,DHL,Electronics,75.88,2.7
ORD-2024851,2024-01-12,West,GLS,Books,93.31,2.2
ORD-2026999,2024-01-12,Nord,DHL,Electronics,154.13,1.3
ORD-2027498,2024-01-12,West,DPD,Apparel,205.85,3.8
ORD-2026695,2024-01-12,Sued,Hermes,Books,148.39,6.4
ORD-2025667,2024-01-12,Zentral,DHL,Home,11.97,3.0
ORD-2025870,2024-01-12,Sued,UPS,Food,49.85,1.9
ORD-2026020,2024-01-12,Zentral,DPD,Apparel,53.8,1.9
ORD-2025433,2024-01-12,West,DHL,Apparel,35.28,4.0
ORD-2026318,2024-01-12,Zentral,DPD,Electronics,12.54,1.5
ORD-2025872,2024-01-12,Zentral,DHL,Books,41.58,1.7
ORD-2025754,2024-01-12,Nord,DPD,Home,102.18,1.1
ORD-2025423,2024-01-12,West,DPD,Books,31.8,4.4
ORD-2027667,2024-01-12,Nord,GLS,Books,50.1,2.8
ORD-2026484,2024-01-13,Ost,DHL,Food,43.84,2.1
ORD-2025670,2024-01-13,Zentral,DHL,Apparel,56.8,1.9
ORD-2024378,2024-01-13,Nord,GLS,Home,141.06,3.7
ORD-2027542,2024-01-13,West,DHL,Electronics,95.37,2.0
ORD-2024554,2024-01-13,Zentral,DHL,Electronics,190.3,2.2
ORD-2027621,2024-01-13,Zentral,DHL,Apparel,29.47,1.8
ORD-2024151,2024-01-13,West,Hermes,Electronics,57.1,2.1
ORD-2025007,2024-01-13,Ost,DHL,Home,57.44,1.8
ORD-2027721,2024-01-13,West,Hermes,Books,29.78,3.3
ORD-2028238,2024-01-13,Sued,DHL,Apparel,35.43,1.0
ORD-2024916,2024-01-13,Ost,Hermes,Food,5.0,3.9
ORD-2027793,2024-01-13,West,DHL,Apparel,32.11,2.4
ORD-2027781,2024-01-13,Zentral,DHL,Books,53.38,2.6
ORD-2027748,2024-01-13,Nord,DHL,Apparel,13.67,1.7
ORD-2028923,2024-01-13,Sued,DHL,Home,45.76,1.4
ORD-2026689,2024-01-13,Sued,UPS,Apparel,60.04,2.3
ORD-2024050,2024-01-14,Ost,Hermes,Apparel,77.34,3.9
ORD-2026730,2024-01-14,Zentral,DPD,Electronics,9.85,3.2
ORD-2025869,2024-01-14,Sued,DHL,Electronics,52.66,1.5
ORD-2024885,2024-01-14,Nord,Hermes,Electronics,83.55,1.0
ORD-2026382,2024-01-14,Zentral,DHL,Apparel,40.42,2.8
ORD-2027656,2024-01-14,West,Hermes,Electronics,67.15,7.4
ORD-2024891,2024-01-14,Sued,GLS,Books,234.59,2.2
ORD-2025946,2024-01-14,Zentral,DHL,Home,16.08,2.6
ORD-2028290,2024-01-14,Ost,UPS,Electronics,36.44,2.3
ORD-2025472,2024-01-14,West,DHL,Apparel,97.27,2.2
ORD-2026470,2024-01-14,Nord,DHL,Food,52.65,2.3
ORD-2025057,2024-01-14,Sued,DHL,Food,68.78,3.0
ORD-2025318,2024-01-14,West,DHL,Books,14.03,1.4
ORD-2028880,2024-01-14,Nord,UPS,Books,69.46,1.3
ORD-2024675,2024-01-14,Nord,Hermes,Electronics,47.37,3.8
ORD-2026697,2024-01-14,Zentral,DPD,Electronics,191.59,2.4
ORD-2025955,2024-01-14,Zentral,DHL,Home,28.54,3.5
ORD-2025748,2024-01-15,Nord,UPS,Food,166.54,2.2
ORD-2024903,2024-01-15,West,DHL,Apparel,49.04,3.6
ORD-2027915,2024-01-15,Nord,DHL,Apparel,55.03,1.6
ORD-2025775,2024-01-15,Zentral,DHL,Electronics,43.42,2.1
ORD-2025103,2024-01-15,West,DHL,Apparel,104.63,2.9
ORD-2025077,2024-01-15,Nord,DHL,Books,79.68,2.1
ORD-2025485,2024-01-15,Zentral,DHL,Home,158.96,1.9
ORD-2027188,2024-01-15,Zentral,Hermes,Home,45.68,1.0
ORD-2024092,2024-01-15,Nord,DHL,Apparel,69.69,2.1
ORD-2024134,2024-01-15,Nord,DHL,Food,44.76,2.5
ORD-2024497,2024-01-16,Sued,DPD,Books,22.05,3.6
ORD-2027001,2024-01-16,Sued,GLS,Home,45.13,1.0
ORD-2025490,2024-01-16,Zentral,DPD,Electronics,20.76,3.8
ORD-2027612,2024-01-16,West,DHL,Books,43.38,2.2
ORD-2027161,2024-01-16,West,DHL,Home,21.89,2.4
ORD-2028742,2024-01-16,Ost,Hermes,Electronics,82.63,4.2
ORD-2028152,2024-01-16,West,DPD,Electronics,25.28,5.4
ORD-2025454,2024-01-16,West,DHL,Home,18.28,1.1
ORD-2027753,2024-01-16,Sued,DHL,Apparel,74.17,3.1
ORD-2027841,2024-01-16,Nord,DPD,Books,88.97,2.6
ORD-2028423,2024-01-16,Zentral,GLS,Food,96.78,4.1
ORD-2026550,2024-01-17,Sued,DPD,Books,22.1,3.5
ORD-2025183,2024-01-17,Zentral,DHL,Food,40.07,2.0
ORD-2026516,2024-01-17,Ost,DHL,Books,134.85,2.7
ORD-2025344,2024-01-17,Sued,DPD,Home,61.54,5.3
ORD-2025699,2024-01-17,Ost,Hermes,Apparel,106.96,4.2
ORD-2026902,2024-01-17,West,Hermes,Home,51.16,5.4
ORD-2024329,2024-01-17,Sued,DPD,Food,39.14,2.1
ORD-2028306,2024-01-17,West,GLS,Books,31.83,4.6
ORD-2028624,2024-01-17,Ost,UPS,Apparel,34.13,1.5
ORD-2027260,2024-01-17,Ost,Hermes,Apparel,69.93,5.1
ORD-2027500,2024-01-17,Ost,GLS,Apparel,392.1,3.7
ORD-2028038,2024-01-17,Nord,DHL,Home,36.81,2.3
ORD-2025428,2024-01-17,Sued,Hermes,Food,17.21,1.7
ORD-2027804,2024-01-17,West,GLS,Electronics,93.18,3.8
ORD-2027879,2024-01-17,Zentral,UPS,Apparel,35.55,2.3
ORD-2025408,2024-01-17,Zentral,DHL,Electronics,14.32,3.2
ORD-2025675,2024-01-17,Sued,DPD,Electronics,163.89,2.7
ORD-2028610,2024-01-17,Zentral,DHL,Electronics,340.33,1.8
ORD-2028562,2024-01-18,Nord,DHL,Electronics,51.95,1.3
ORD-2025227,2024-01-18,Zentral,DHL,Food,68.65,2.4
ORD-2025935,2024-01-18,Sued,Hermes,Books,278.99,4.5
ORD-2026623,2024-01-18,West,DHL,Electronics,57.64,3.2
ORD-2024352,2024-01-18,Zentral,DPD,Home,132.92,1.4
ORD-2028469,2024-01-18,Zentral,DHL,Home,56.38,2.1
ORD-2027278,2024-01-19,Nord,DHL,Food,108.12,2.7
ORD-2026219,2024-01-19,West,DPD,Apparel,21.5,3.0
ORD-2028279,2024-01-19,Ost,DHL,Apparel,14.45,3.5
ORD-2025226,2024-01-19,Ost,UPS,Home,18.73,1.9
ORD-2027568,2024-01-19,Zentral,UPS,Home,93.03,2.7
ORD-2024636,2024-01-19,Nord,DHL,Books,61.97,3.5
ORD-2026756,2024-01-19,Nord,Hermes,Apparel,81.69,4.7
ORD-2024566,2024-01-19,West,Hermes,Home,104.49,4.6
ORD-2028592,2024-01-19,Nord,DHL,Home,28.98,4.4
ORD-2027961,2024-01-19,Nord,UPS,Apparel,41.13,2.4
ORD-2026660,2024-01-19,West,DHL,Food,120.27,2.3
ORD-2026097,2024-01-19,West,DPD,Apparel,33.44,16.7
ORD-2028856,2024-01-19,West,DHL,Electronics,64.46,3.1
ORD-2026259,2024-01-19,Zentral,DHL,Books,48.47,3.6
ORD-2024671,2024-01-20,Ost,DHL,Home,10.67,2.9
ORD-2028915,2024-01-20,West,DHL,Apparel,28.99,3.0
ORD-2024987,2024-01-20,West,DPD,Food,32.39,1.6
ORD-2025914,2024-01-20,Ost,Hermes,Apparel,98.27,5.9
ORD-2026420,2024-01-20,Nord,GLS,Electronics,17.17,1.7
ORD-2026724,2024-01-20,Zentral,GLS,Electronics,16.85,4.5
ORD-2026007,2024-01-20,West,DPD,Apparel,124.99,3.7
ORD-2026699,2024-01-20,Nord,DPD,Apparel,70.31,4.3
ORD-2028334,2024-01-20,Sued,Hermes,Apparel,25.3,2.6
ORD-2028680,2024-01-20,Sued,DHL,Home,244.29,2.0
ORD-2025296,2024-01-20,West,DHL,Apparel,35.06,1.0
ORD-2026711,2024-01-20,West,GLS,Apparel,14.14,4.4
ORD-2025569,2024-01-20,Sued,DHL,Home,226.2,2.6
ORD-2026933,2024-01-20,Nord,DPD,Electronics,62.78,2.5
ORD-2027496,2024-01-20,West,Hermes,Apparel,152.67,5.9
ORD-2024383,2024-01-20,Sued,GLS,Books,89.32,2.8
ORD-2025740,2024-01-21,Ost,UPS,Apparel,27.42,1.6
ORD-2027452,2024-01-21,Ost,DHL,Apparel,78.11,2.0
ORD-2027082,2024-01-21,Sued,DHL,Electronics,78.98,1.6
ORD-2026859,2024-01-21,West,DPD,Electronics,102.41,5.6
ORD-2027777,2024-01-21,Ost,DPD,Home,44.07,3.6
ORD-2024006,2024-01-21,Sued,Hermes,Apparel,133.9,6.0
ORD-2026511,2024-01-21,West,DPD,Home,45.98,3.6
ORD-2026876,2024-01-21,Nord,DHL,Apparel,54.4,3.3
ORD-2026145,2024-01-21,Nord,DHL,Apparel,26.08,2.9
ORD-2024044,2024-01-21,West,DHL,Food,129.36,2.7
ORD-2025937,2024-01-21,Sued,GLS,Books,76.74,3.4
ORD-2027730,2024-01-21,Zentral,GLS,Food,101.75,4.0
ORD-2027005,2024-01-21,West,DPD,Books,63.35,2.1
ORD-2027639,2024-01-21,West,UPS,Electronics,111.39,2.3
ORD-2028498,2024-01-21,Sued,Hermes,Home,18.96,4.0
ORD-2027195,2024-01-21,Zentral,DHL,Home,42.8,2.4
ORD-2026911,2024-01-22,Ost,GLS,Food,79.01,1.5
ORD-2028153,2024-01-22,Sued,DHL,Books,37.27,4.2
ORD-2027547,2024-01-22,West,DPD,Home,38.0,2.3
ORD-2026640,2024-01-22,Ost,UPS,Food,95.51,2.7
ORD-2024846,2024-01-22,Nord,DHL,Food,20.53,2.8
ORD-2024307,2024-01-22,Nord,GLS,Apparel,49.25,3.4
ORD-2025863,2024-01-22,Ost,DPD,Books,50.23,2.7
ORD-2025734,2024-01-22,Zentral,DHL,Apparel,17.92,2.9
ORD-2028792,2024-01-22,Nord,Hermes,Home,355.22,3.2
ORD-2028662,2024-01-22,West,UPS,Books,59.79,2.7
ORD-2028250,2024-01-22,Zentral,Hermes,Apparel,32.04,3.2
ORD-2024025,2024-01-22,Ost,GLS,Apparel,24.05,2.3
ORD-2027660,2024-01-22,Zentral,DHL,Electronics,32.48,3.5
ORD-2028328,2024-01-22,Nord,Hermes,Apparel,54.49,4.7
ORD-2025702,2024-01-22,West,GLS,Apparel,49.47,2.3
ORD-2026661,2024-01-23,Nord,DHL,Home,98.05,3.4
ORD-2028512,2024-01-23,West,DHL,Books,12.27,3.7
ORD-2024747,2024-01-23,West,UPS,Home,82.78,2.7
ORD-2025062,2024-01-23,West,Hermes,Food,19.87,3.5
ORD-2027718,2024-01-23,Sued,GLS,Apparel,94.77,1.8
ORD-2027368,2024-01-23,Nord,DPD,Apparel,185.47,1.0
ORD-2025657,2024-01-23,West,DHL,Electronics,56.63,2.9
ORD-2024482,2024-01-23,Zentral,DHL,Food,70.9,2.8
ORD-2027595,2024-01-23,Zentral,Hermes,Books,36.47,4.9
ORD-2027648,2024-01-23,West,Hermes,Apparel,85.6,4.7
ORD-2025129,2024-01-23,Zentral,DHL,Home,78.95,3.9
ORD-2027807,2024-01-24,Sued,DHL,Home,90.19,2.1
ORD-2026712,2024-01-24,Nord,Hermes,Apparel,8.38,2.4
ORD-2028103,2024-01-24,West,GLS,Electronics,69.49,3.2
ORD-2025772,2024-01-24,Ost,UPS,Home,10.74,1.7
ORD-2028102,2024-01-24,Sued,DPD,Electronics,62.63,1.2
ORD-2025909,2024-01-24,Zentral,UPS,Home,54.96,2.9
ORD-2026738,2024-01-24,Nord,Hermes,Food,147.72,5.3
ORD-2027723,2024-01-24,Nord,Hermes,Food,60.17,6.8
ORD-2025190,2024-01-25,Sued,DHL,Food,35.38,2.3
ORD-2026408,2024-01-25,Nord,DHL,Home,344.08,11.3
ORD-2025414,2024-01-25,Zentral,Hermes,Apparel,42.02,3.3
ORD-2026405,2024-01-25,Sued,DHL,Food,68.61,3.8
ORD-2027017,2024-01-25,Ost,DPD,Apparel,15.18,1.9
ORD-2025873,2024-01-25,Ost,Hermes,Apparel,77.51,4.5
ORD-2028634,2024-01-25,Ost,Hermes,Electronics,26.42,1.0
ORD-2027885,2024-01-25,West,DHL,Home,17.48,2.5
ORD-2026392,2024-01-25,West,GLS,Electronics,59.98,1.0
ORD-2028626,2024-01-25,Zentral,Hermes,Home,16.96,2.6
ORD-2028368,2024-01-25,Sued,DHL,Food,37.79,2.5
ORD-2025599,2024-01-25,Nord,Hermes,Electronics,6.33,6.8
ORD-2025177,2024-01-25,Ost,GLS,Electronics,92.74,2.8
ORD-2025444,2024-01-25,Nord,UPS,Home,12.69,3.9
ORD-2024580,2024-01-25,West,DHL,Apparel,63.21,2.7
ORD-2028145,2024-01-25,Nord,DHL,Apparel,24.29,2.6
ORD-2027578,2024-01-25,Ost,DHL,Apparel,94.89,2.6
ORD-2024914,2024-01-25,Sued,DHL,Home,5.0,1.5
ORD-2028852,2024-01-25,Zentral,DPD,Home,66.01,4.0
ORD-2024918,2024-01-25,Zentral,DHL,Apparel,49.12,3.1
ORD-2024977,2024-01-26,Ost,Hermes,Books,27.21,4.2
ORD-2024872,2024-01-26,Zentral,DHL,Electronics,33.73,1.7
ORD-2026061,2024-01-26,Ost,DPD,Apparel,60.42,2.4
ORD-2024375,2024-01-26,Sued,UPS,Apparel,41.75,3.4
ORD-2028929,2024-01-26,Zentral,DPD,Electronics,71.73,3.0
ORD-2025720,2024-01-26,Zentral,UPS,Home,55.33,2.0
ORD-2026202,2024-01-26,West,GLS,Apparel,39.39,4.3
ORD-2025450,2024-01-26,West,GLS,Books,88.94,4.2
ORD-2027191,2024-01-26,Nord,DHL,Books,61.8,3.5
ORD-2027884,2024-01-26,Nord,GLS,Home,12.72,2.3
ORD-2026948,2024-01-26,West,Hermes,Electronics,62.34,7.0
ORD-2027629,2024-01-27,West,DHL,Food,24.03,1.5
ORD-2028818,2024-01-27,Zentral,GLS,Books,70.56,2.8
ORD-2026282,2024-01-27,Nord,GLS,Home,26.63,1.6
ORD-2026163,2024-01-27,Ost,Hermes,Home,141.72,13.2
ORD-2025758,2024-01-27,Nord,DHL,Home,100.99,3.0
ORD-2024316,2024-01-27,Ost,UPS,Electronics,81.71,1.2
ORD-2025766,2024-01-27,West,UPS,Food,145.93,2.4
ORD-2025352,2024-01-27,Sued,GLS,Apparel,128.03,3.9
ORD-2025735,2024-01-27,Sued,Hermes,Electronics,28.92,7.1
ORD-2027204,2024-01-28,Sued,DPD,Books,60.9,3.1
ORD-2026897,2024-01-28,Zentral,DPD,Home,28.92,3.1
ORD-2027325,2024-01-28,West,DPD,Apparel,21.13,1.7
ORD-2025963,2024-01-28,Zentral,Hermes,Electronics,78.79,6.2
ORD-2024906,2024-01-28,Zentral,DHL,Apparel,12.11,1.8
ORD-2027739,2024-01-28,Nord,DPD,Apparel,24.61,3.9
ORD-2027770,2024-01-28,Nord,UPS,Books,35.47,3.6
ORD-2027773,2024-01-28,Sued,UPS,Books,82.39,1.1
ORD-2027876,2024-01-28,Ost,DPD,Apparel,33.96,3.4
ORD-2024886,2024-01-28,Nord,UPS,Food,146.45,2.1
ORD-2024696,2024-01-28,West,Hermes,Electronics,124.26,5.1
ORD-2026559,2024-01-28,West,DHL,Apparel,50.39,2.9
ORD-2028868,2024-01-28,West,DHL,Food,29.73,3.3
ORD-2028788,2024-01-28,Sued,Hermes,Books,105.66,5.5
ORD-2024109,2024-01-28,Ost,DHL,Home,14.82,2.8
ORD-2024164,2024-01-28,Zentral,Hermes,Apparel,27.56,3.5
ORD-2028576,2024-01-28,Ost,DHL,Apparel,76.19,2.5
ORD-2025715,2024-01-29,Ost,DHL,Apparel,110.77,3.7
ORD-2027808,2024-01-29,West,DHL,Books,26.73,2.0
ORD-2025152,2024-01-29,Nord,DHL,Apparel,38.41,1.0
ORD-2028855,2024-01-29,Nord,DHL,Books,173.43,1.7
ORD-2028295,2024-01-29,Nord,DHL,Home,96.59,2.3
ORD-2026522,2024-01-29,Ost,Hermes,Apparel,21.67,3.4
ORD-2028936,2024-01-29,Sued,DHL,Apparel,23.36,3.1
ORD-2025375,2024-01-29,Ost,DHL,Electronics,109.46,1.0
ORD-2025591,2024-01-29,West,GLS,Apparel,15.0,1.0
ORD-2026645,2024-01-29,Sued,DHL,Electronics,17.48,2.9
ORD-2028724,2024-01-29,West,DHL,Books,199.71,2.8
ORD-2024614,2024-01-29,West,DHL,Electronics,19.74,2.7
ORD-2028630,2024-01-29,Sued,DHL,Home,67.61,2.1
ORD-2025505,2024-01-29,Zentral,DHL,Apparel,20.31,1.8
ORD-2025330,2024-01-29,Sued,DPD,Books,52.11,2.3
ORD-2024149,2024-01-29,Sued,DPD,Apparel,14.68,3.5
ORD-2027573,2024-01-30,Sued,DHL,Food,32.91,2.7
ORD-2028142,2024-01-30,West,DHL,Home,74.19,1.7
ORD-2026323,2024-01-30,Nord,DHL,Apparel,112.85,2.0
ORD-2027661,2024-01-30,Ost,Hermes,Apparel,64.65,6.1
ORD-2026662,2024-01-30,Sued,GLS,Home,31.19,4.7
ORD-2026751,2024-01-30,West,DHL,Home,28.0,1.4
ORD-2027109,2024-01-30,Zentral,DPD,Apparel,86.98,3.6
ORD-2027417,2024-01-30,Ost,DHL,Electronics,29.77,2.3
ORD-2027357,2024-01-30,Zentral,DHL,Home,26.44,2.6
ORD-2028654,2024-01-30,Ost,UPS,Electronics,78.24,1.2
ORD-2024801,2024-01-30,Nord,DHL,Food,71.98,2.6
ORD-2026418,2024-01-31,West,DHL,Apparel,32.74,1.9
ORD-2027752,2024-01-31,Ost,GLS,Home,90.3,4.2
ORD-2024959,2024-01-31,West,DHL,Electronics,156.28,1.3
ORD-2025656,2024-01-31,Sued,DPD,Food,43.08,1.4
ORD-2026830,2024-01-31,Ost,DHL,Electronics,90.46,2.4
ORD-2027645,2024-01-31,Ost,DHL,Books,199.68,2.7
ORD-2027398,2024-01-31,Ost,DHL,Electronics,17.18,1.7
ORD-2028162,2024-02-01,Ost,DHL,Electronics,181.58,3.0
ORD-2027649,2024-02-01,West,DHL,Apparel,61.52,2.8
ORD-2026617,2024-02-01,Ost,DPD,Home,128.77,1.8
ORD-2026997,2024-02-01,Zentral,DHL,Home,37.59,1.0
ORD-2028218,2024-02-01,Nord,DHL,Home,20.87,2.6
ORD-2025800,2024-02-01,Zentral,DHL,Home,35.51,2.8
ORD-2025220,2024-02-01,Zentral,DHL,Apparel,41.5,2.4
ORD-2026931,2024-02-01,Nord,DHL,Electronics,26.44,1.2
ORD-2028523,2024-02-01,Sued,DHL,Apparel,20.23,2.3
ORD-2025716,2024-02-02,Sued,DPD,Electronics,22.95,3.3
ORD-2027834,2024-02-02,Sued,DHL,Home,44.65,2.3
ORD-2024507,2024-02-02,Sued,DHL,Electronics,45.52,2.4
ORD-2024114,2024-02-02,West,DPD,Apparel,26.6,3.3
ORD-2028276,2024-02-02,Sued,DHL,Food,49.63,2.3
ORD-2024305,2024-02-02,West,DHL,Books,43.53,2.2
ORD-2024927,2024-02-03,Ost,DHL,Books,208.69,13.0
ORD-2028021,2024-02-03,Ost,Hermes,Apparel,12.2,1.0
ORD-2024761,2024-02-03,Sued,UPS,Books,71.75,2.1
ORD-2024814,2024-02-03,Zentral,DPD,Electronics,27.87,2.0
ORD-2025495,2024-02-03,Nord,DPD,Apparel,38.74,2.5
ORD-2026501,2024-02-03,Sued,UPS,Home,65.55,1.6
ORD-2024854,2024-02-03,Nord,Hermes,Apparel,119.4,6.0
ORD-2025343,2024-02-03,West,DHL,Food,18.58,3.4
ORD-2027045,2024-02-03,West,GLS,Apparel,26.15,2.2
ORD-2024123,2024-02-04,Ost,DHL,Apparel,241.82,2.5
ORD-2027165,2024-02-04,Sued,DHL,Electronics,65.6,2.6
ORD-2027424,2024-02-04,West,Hermes,Food,54.88,5.4
ORD-2024523,2024-02-04,Nord,DHL,Books,33.23,3.7
ORD-2024708,2024-02-04,West,DPD,Books,32.68,3.1
ORD-2027591,2024-02-04,Ost,UPS,Home,190.06,1.5
ORD-2028539,2024-02-04,West,Hermes,Books,147.9,6.4
ORD-2027178,2024-02-04,West,DPD,Apparel,16.96,2.9
ORD-2027107,2024-02-04,West,GLS,Apparel,42.93,3.3
ORD-2026802,2024-02-04,Nord,DHL,Apparel,36.34,1.0
ORD-2025027,2024-02-04,Sued,DHL,Electronics,59.7,2.2
ORD-2024058,2024-02-04,West,DHL,Food,51.6,1.7
ORD-2026012,2024-02-04,Nord,UPS,Home,30.36,2.4
ORD-2027561,2024-02-04,West,DHL,Food,16.45,2.6
ORD-2024326,2024-02-04,Zentral,Hermes,Apparel,70.13,8.3
ORD-2025900,2024-02-04,West,UPS,Apparel,18.96,2.9
ORD-2024381,2024-02-05,Sued,Hermes,Books,18.2,4.9
ORD-2026308,2024-02-05,Nord,GLS,Apparel,46.04,3.6
ORD-2024962,2024-02-05,Ost,Hermes,Books,60.08,5.3
ORD-2026267,2024-02-05,Nord,GLS,Apparel,25.13,2.6
ORD-2024150,2024-02-05,West,DHL,Books,84.26,2.7
ORD-2027996,2024-02-05,Nord,DHL,Home,88.66,3.9
ORD-2025396,2024-02-05,Ost,GLS,Electronics,57.5,3.6
ORD-2026833,2024-02-05,Nord,UPS,Apparel,42.06,2.1
ORD-2025285,2024-02-05,Sued,DHL,Home,30.35,2.6
ORD-2028526,2024-02-05,West,GLS,Electronics,38.16,1.1
ORD-2024545,2024-02-05,Sued,DHL,Home,49.29,2.5
ORD-2026189,2024-02-05,Nord,GLS,Electronics,25.98,2.4
ORD-2027579,2024-02-06,Sued,GLS,Food,60.48,4.0
ORD-2024551,2024-02-06,Nord,DHL,Apparel,32.2,2.3
ORD-2025892,2024-02-06,Zentral,DHL,Home,32.09,1.0
ORD-2024337,2024-02-06,Sued,DHL,Apparel,38.27,3.1
ORD-2024267,2024-02-06,Zentral,DHL,Electronics,10.85,3.4
ORD-2027581,2024-02-06,Zentral,DHL,Apparel,20.64,1.1
ORD-2025608,2024-02-06,West,UPS,Home,60.21,2.5
ORD-2027420,2024-02-06,Zentral,GLS,Food,108.61,1.0
ORD-2028450,2024-02-06,Ost,DHL,Books,176.67,3.7
ORD-2028466,2024-02-06,West,UPS,Home,45.92,2.5
ORD-2027257,2024-02-06,Sued,DHL,Electronics,36.08,2.7
ORD-2025691,2024-02-06,Nord,Hermes,Electronics,5.45,3.8
ORD-2025126,2024-02-07,Ost,Hermes,Books,18.05,5.6
ORD-2026720,2024-02-07,Ost,DHL,Electronics,92.31,4.1
ORD-2024995,2024-02-07,Sued,UPS,Apparel,19.42,1.7
ORD-2025083,2024-02-07,Zentral,UPS,Apparel,7.23,2.6
ORD-2028493,2024-02-07,Sued,DHL,Books,69.58,2.0
ORD-2025017,2024-02-07,Nord,UPS,Electronics,29.17,1.3
ORD-2027197,2024-02-07,Sued,DHL,Electronics,35.94,2.6
ORD-2028816,2024-02-07,Zentral,UPS,Apparel,37.66,2.5
ORD-2027102,2024-02-07,Zentral,DPD,Books,217.69,4.3
ORD-2026343,2024-02-07,West,Hermes,Electronics,82.18,4.6
ORD-2026568,2024-02-07,Sued,GLS,Home,113.62,1.0
ORD-2025603,2024-02-07,Nord,DPD,Apparel,25.43,3.6
ORD-2028429,2024-02-07,Ost,DHL,Apparel,35.21,2.2
ORD-2024310,2024-02-07,Nord,DHL,Apparel,73.88,3.5
ORD-2028136,2024-02-07,West,DHL,Electronics,40.84,3.4
ORD-2026620,2024-02-08,Sued,GLS,Home,167.89,5.1
ORD-2027267,2024-02-08,Nord,DHL,Home,24.94,2.3
ORD-2025071,2024-02-08,Zentral,GLS,Books,25.55,4.4
ORD-2026032,2024-02-08,West,GLS,Apparel,24.76,3.5
ORD-2024908,2024-02-08,Sued,DHL,Electronics,5.03,2.1
ORD-2024249,2024-02-08,Zentral,DPD,Apparel,13.5,4.4
ORD-2025661,2024-02-08,West,UPS,Apparel,45.58,2.6
ORD-2025503,2024-02-08,Zentral,DHL,Apparel,155.29,1.0
ORD-2025415,2024-02-08,Zentral,Hermes,Apparel,23.34,3.8
ORD-2028151,2024-02-08,West,UPS,Food,38.78,2.8
ORD-2024476,2024-02-08,Nord,DHL,Books,21.67,2.5
ORD-2025725,2024-02-08,Zentral,DHL,Home,50.26,3.1
ORD-2025484,2024-02-08,West,DHL,Electronics,155.72,2.7
ORD-2026183,2024-02-08,Sued,DHL,Books,111.47,2.5
ORD-2028406,2024-02-08,Sued,DHL,Home,24.98,2.7
ORD-2024585,2024-02-08,West,GLS,Electronics,46.53,1.3
ORD-2028540,2024-02-08,Zentral,UPS,Electronics,28.86,2.9
ORD-2024637,2024-02-08,Zentral,GLS,Electronics,22.94,3.5
ORD-2027324,2024-02-08,Zentral,GLS,Books,18.85,3.2
ORD-2027984,2024-02-08,West,Hermes,Food,27.5,6.2
ORD-2024372,2024-02-08,Ost,DPD,Food,28.49,3.5
ORD-2027088,2024-02-08,Ost,DHL,Apparel,57.8,3.1
ORD-2024765,2024-02-08,West,DHL,Home,111.52,2.6
ORD-2026986,2024-02-09,Sued,DPD,Electronics,22.04,1.5
ORD-2025623,2024-02-09,West,DHL,Home,119.64,4.0
ORD-2026452,2024-02-09,West,DHL,Food,86.97,2.5
ORD-2025625,2024-02-09,Sued,GLS,Apparel,22.25,3.8
ORD-2028079,2024-02-09,Sued,DHL,Apparel,10.72,3.5
ORD-2025598,2024-02-09,Nord,DPD,Food,44.22,2.4
ORD-2024960,2024-02-09,West,DPD,Home,27.29,3.3
ORD-2028099,2024-02-09,Zentral,Hermes,Home,79.91,1.0
ORD-2025936,2024-02-09,West,Hermes,Electronics,51.93,2.0
ORD-2028747,2024-02-09,Zentral,DHL,Apparel,77.13,2.3
ORD-2025614,2024-02-09,West,GLS,Food,112.35,1.3
ORD-2025320,2024-02-09,West,GLS,Apparel,34.54,2.9
ORD-2028691,2024-02-09,West,DHL,Apparel,22.27,1.7
ORD-2027312,2024-02-10,Ost,UPS,Books,150.98,2.3
ORD-2024699,2024-02-10,Zentral,Hermes,Food,165.51,6.4
ORD-2028402,2024-02-10,Ost,Hermes,Home,69.92,1.1
ORD-2027259,2024-02-10,Sued,DHL,Home,24.25,2.4
ORD-2027266,2024-02-10,Nord,DHL,Home,12.26,3.2
ORD-2028089,2024-02-10,West,DHL,Food,60.27,2.3
ORD-2025810,2024-02-10,Zentral,UPS,Home,42.49,2.1
ORD-2024090,2024-02-10,Sued,DHL,Apparel,51.32,3.3
ORD-2027046,2024-02-10,Zentral,DHL,Home,114.18,2.5
ORD-2025342,2024-02-10,West,DHL,Electronics,25.01,2.5
ORD-2027740,2024-02-10,Ost,DHL,Apparel,55.23,3.2
ORD-2027148,2024-02-10,Zentral,Hermes,Electronics,27.6,3.4
ORD-2028057,2024-02-10,Zentral,DPD,Books,141.2,5.3
ORD-2025848,2024-02-10,Sued,DHL,Electronics,22.12,1.9
ORD-2024108,2024-02-10,Ost,DHL,Home,50.64,2.2
ORD-2028335,2024-02-10,Nord,DPD,Apparel,95.91,6.8
ORD-2027366,2024-02-10,Sued,DHL,Apparel,101.59,1.6
ORD-2025951,2024-02-10,Zentral,GLS,Books,31.06,5.1
ORD-2027446,2024-02-11,Sued,DHL,Books,103.71,1.6
ORD-2026252,2024-02-11,Sued,DHL,Apparel,102.76,1.8
ORD-2024588,2024-02-11,West,DPD,Home,41.99,4.2
ORD-2024136,2024-02-11,Sued,UPS,Electronics,114.99,1.8
ORD-2026512,2024-02-11,Nord,DHL,Food,35.8,3.2
ORD-2026976,2024-02-11,Nord,DHL,Food,27.87,1.9
ORD-2025413,2024-02-11,West,DHL,Apparel,89.31,3.4
ORD-2026371,2024-02-11,West,DHL,Electronics,124.12,2.8
ORD-2025076,2024-02-11,Sued,DPD,Apparel,98.6,3.7
ORD-2024932,2024-02-11,Nord,UPS,Apparel,52.59,1.4
ORD-2025340,2024-02-11,Sued,Hermes,Books,28.36,4.0
ORD-2026263,2024-02-11,Zentral,DHL,Food,53.29,1.2
ORD-2026510,2024-02-11,West,DHL,Apparel,110.06,3.0
ORD-2026954,2024-02-11,Ost,GLS,Food,18.93,3.8
ORD-2025051,2024-02-11,Zentral,GLS,Apparel,41.87,2.4
ORD-2026140,2024-02-12,Zentral,DHL,Food,30.14,4.2
ORD-2026898,2024-02-12,Zentral,UPS,Books,200.56,2.6
ORD-2027243,2024-02-12,Ost,Hermes,Food,84.08,4.3
ORD-2026547,2024-02-12,Zentral,DHL,Apparel,61.99,2.2
ORD-2024820,2024-02-12,Ost,DHL,Electronics,55.18,2.2
ORD-2028401,2024-02-12,Nord,DPD,Books,41.23,4.4
ORD-2026425,2024-02-12,Zentral,GLS,Electronics,15.32,1.8
ORD-2028244,2024-02-12,Zentral,GLS,Apparel,37.63,3.9
ORD-2028910,2024-02-12,Nord,DHL,Home,16.41,3.4
ORD-2027843,2024-02-12,Ost,DPD,Apparel,103.89,1.4
ORD-2028222,2024-02-12,Sued,DHL,Books,106.34,1.9
ORD-2024515,2024-02-12,Sued,Hermes,Electronics,67.54,3.5
ORD-2027788,2024-02-13,Ost,DHL,Home,202.05,3.0
ORD-2025426,2024-02-13,Ost,Hermes,Apparel,23.27,4.7
ORD-2024656,2024-02-13,West,UPS,Apparel,7.06,1.7
ORD-2026849,2024-02-13,Sued,DPD,Apparel,22.36,2.5
ORD-2024516,2024-02-13,Zentral,GLS,Home,25.23,4.4
ORD-2026651,2024-02-13,Zentral,UPS,Home,90.6,1.6
ORD-2026952,2024-02-13,Zentral,DHL,Food,30.45,2.5
ORD-2025998,2024-02-13,West,UPS,Food,59.26,1.0
ORD-2024166,2024-02-13,West,UPS,Food,27.98,2.3
ORD-2024070,2024-02-13,Sued,Hermes,Electronics,30.09,3.3
ORD-2028723,2024-02-13,Zentral,DHL,Apparel,58.33,3.6
ORD-2027993,2024-02-13,Ost,DHL,Food,51.09,1.0
ORD-2024160,2024-02-14,Sued,Hermes,Home,74.51,1.0
ORD-2027405,2024-02-14,Sued,Hermes,Apparel,36.72,2.8
ORD-2028556,2024-02-14,Zentral,DHL,Food,33.9,2.2
ORD-2027274,2024-02-14,Sued,DHL,Books,52.85,1.9
ORD-2028946,2024-02-14,Nord,DPD,Apparel,51.32,2.2
ORD-2025642,2024-02-14,Zentral,GLS,Apparel,28.62,4.1
ORD-2028678,2024-02-14,Nord,DHL,Electronics,256.77,2.2
ORD-2025653,2024-02-14,Sued,GLS,Apparel,27.45,1.7
ORD-2027607,2024-02-14,Nord,UPS,Food,25.11,2.2
ORD-2027853,2024-02-14,Zentral,Hermes,Apparel,57.53,4.0
ORD-2027273,2024-02-15,Ost,DHL,Food,57.34,3.4
ORD-2025774,2024-02-15,Zentral,UPS,Books,15.4,3.3
ORD-2027101,2024-02-15,Sued,DHL,Apparel,21.54,1.7
ORD-2025365,2024-02-15,Zentral,DHL,Apparel,53.97,1.9
ORD-2027920,2024-02-15,Zentral,DHL,Apparel,83.41,2.7
ORD-2028093,2024-02-15,Ost,UPS,Home,7.08,2.3
ORD-2024853,2024-02-15,Nord,DHL,Home,66.27,3.0
ORD-2027792,2024-02-15,Sued,GLS,Home,57.38,3.9
ORD-2028554,2024-02-15,Nord,DPD,Apparel,72.65,3.0
ORD-2024333,2024-02-15,West,Hermes,Apparel,66.18,5.2
ORD-2025671,2024-02-15,Sued,DHL,Apparel,135.53,1.6
ORD-2028380,2024-02-15,Nord,GLS,Electronics,24.91,5.2
ORD-2024707,2024-02-15,Sued,DPD,Food,24.26,5.3
ORD-2025812,2024-02-15,Nord,Hermes,Apparel,111.35,4.7
ORD-2027497,2024-02-15,Sued,DHL,Apparel,32.24,1.7
ORD-2024672,2024-02-16,West,Hermes,Apparel,165.38,3.2
ORD-2025108,2024-02-16,Zentral,DHL,Books,74.38,1.8
ORD-2026972,2024-02-16,West,GLS,Home,57.45,4.1
ORD-2024421,2024-02-16,Zentral,DHL,Home,83.13,3.2
ORD-2024861,2024-02-16,Zentral,DHL,Home,46.83,1.0
ORD-2025451,2024-02-16,Nord,Hermes,Apparel,23.89,6.5
ORD-2028149,2024-02-16,Ost,DHL,Electronics,108.91,1.0
ORD-2028581,2024-02-16,Sued,Hermes,Electronics,62.76,5.8
ORD-2026196,2024-02-16,Zentral,DHL,Books,8.87,3.0
ORD-2028410,2024-02-16,Sued,DHL,Apparel,67.39,2.5
ORD-2027489,2024-02-16,West,UPS,Electronics,117.09,2.0
ORD-2027384,2024-02-16,West,DHL,Food,41.04,1.9
ORD-2027067,2024-02-16,West,GLS,Books,85.54,3.6
ORD-2027901,2024-02-16,Zentral,UPS,Apparel,289.74,1.4
ORD-2027187,2024-02-16,Nord,GLS,Apparel,41.83,3.2
ORD-2024470,2024-02-16,Nord,DPD,Books,23.42,4.0
ORD-2028282,2024-02-16,Sued,GLS,Apparel,13.0,6.8
ORD-2025564,2024-02-16,Ost,DHL,Home,186.85,1.2
ORD-2024990,2024-02-16,Zentral,DHL,Apparel,50.09,1.9
ORD-2026778,2024-02-16,West,Hermes,Electronics,47.05,3.7
ORD-2026780,2024-02-16,Sued,UPS,Electronics,91.07,2.2
ORD-2024115,2024-02-17,Zentral,DHL,Home,59.08,2.9
ORD-2028602,2024-02-17,Sued,UPS,Food,24.36,1.9
ORD-2027951,2024-02-17,West,DHL,Apparel,67.06,1.3
ORD-2024869,2024-02-17,Sued,DHL,Books,16.59,3.1
ORD-2026521,2024-02-17,Ost,DHL,Books,42.67,1.5
ORD-2028172,2024-02-17,West,DHL,Books,172.45,3.3
ORD-2027371,2024-02-17,Nord,DPD,Food,35.55,2.1
ORD-2028862,2024-02-17,West,Hermes,Apparel,106.45,2.6
ORD-2028658,2024-02-17,Sued,DHL,Apparel,62.64,13.0
ORD-2028710,2024-02-17,Sued,DPD,Apparel,95.04,3.9
ORD-2028363,2024-02-17,Ost,GLS,Food,142.63,2.7
ORD-2028349,2024-02-17,Zentral,Hermes,Home,21.53,5.6
ORD-2024452,2024-02-17,Nord,DHL,Electronics,45.75,3.4
ORD-2027528,2024-02-17,West,Hermes,Food,24.81,4.9
ORD-2026807,2024-02-18,West,DHL,Books,91.33,3.3
ORD-2027783,2024-02-18,West,DHL,Home,29.31,2.1
ORD-2026278,2024-02-18,Zentral,DHL,Home,99.96,2.3
ORD-2027894,2024-02-18,West,DHL,Food,74.33,3.0
ORD-2024029,2024-02-18,Ost,GLS,Home,25.37,2.7
ORD-2026370,2024-02-18,Nord,DPD,Electronics,59.66,1.8
ORD-2026577,2024-02-18,Sued,DHL,Apparel,110.74,2.3
ORD-2026230,2024-02-18,Zentral,GLS,Electronics,8.3,3.1
ORD-2027239,2024-02-18,Nord,DHL,Books,70.45,3.3
ORD-2028208,2024-02-18,West,Hermes,Home,18.85,8.4
ORD-2025201,2024-02-18,Nord,DPD,Electronics,98.38,2.9
ORD-2027345,2024-02-18,Sued,GLS,Apparel,57.58,3.1
ORD-2026212,2024-02-18,West,GLS,Home,42.36,2.8
ORD-2027677,2024-02-18,Nord,Hermes,Electronics,99.52,1.9
ORD-2028704,2024-02-18,West,UPS,Electronics,38.08,2.0
ORD-2024328,2024-02-18,Sued,GLS,Apparel,139.1,3.2
ORD-2025212,2024-02-18,Sued,GLS,Apparel,31.39,2.2
ORD-2028673,2024-02-18,Nord,GLS,Books,121.65,4.0
ORD-2026930,2024-02-18,Zentral,DPD,Apparel,105.5,3.0
ORD-2027168,2024-02-19,Sued,DHL,Electronics,35.71,3.2
ORD-2024061,2024-02-19,West,Hermes,Apparel,185.22,7.4
ORD-2026217,2024-02-19,West,DPD,Books,101.38,3.0
ORD-2026648,2024-02-19,Nord,GLS,Apparel,70.91,3.6
ORD-2026288,2024-02-19,West,UPS,Books,19.53,1.8
ORD-2026790,2024-02-19,Nord,UPS,Food,22.75,2.9
ORD-2028875,2024-02-19,Sued,GLS,Home,51.56,4.0
ORD-2027941,2024-02-19,Ost,DHL,Electronics,20.21,2.1
ORD-2028983,2024-02-19,Zentral,UPS,Apparel,46.57,2.1
ORD-2025768,2024-02-19,West,DHL,Apparel,265.28,2.1
ORD-2025916,2024-02-19,Sued,DPD,Home,97.96,3.0
ORD-2028278,2024-02-19,Nord,DHL,Electronics,16.05,1.5
ORD-2024840,2024-02-20,Ost,DHL,Food,69.56,3.6
ORD-2028872,2024-02-20,Nord,DPD,Food,77.36,5.3
ORD-2024394,2024-02-20,West,DHL,Books,19.98,2.9
ORD-2025262,2024-02-20,Nord,UPS,Apparel,147.27,1.9
ORD-2024313,2024-02-20,West,DPD,Apparel,33.07,4.0
ORD-2024804,2024-02-20,Sued,DHL,Apparel,104.46,2.6
ORD-2026800,2024-02-20,Sued,DHL,Home,80.97,4.2
ORD-2027321,2024-02-20,Sued,DHL,Food,22.21,2.1
ORD-2024036,2024-02-20,Sued,DHL,Electronics,28.38,2.0
ORD-2025151,2024-02-20,Sued,Hermes,Electronics,41.51,2.4
ORD-2027449,2024-02-20,Zentral,DHL,Books,28.93,3.5
ORD-2024756,2024-02-20,Ost,Hermes,Books,54.68,5.8
ORD-2028182,2024-02-20,Sued,DHL,Apparel,100.93,2.1
ORD-2027411,2024-02-20,West,GLS,Electronics,125.48,2.7
ORD-2026154,2024-02-20,Nord,GLS,Apparel,87.26,1.5
ORD-2026560,2024-02-20,Sued,Hermes,Food,16.98,2.2
ORD-2028517,2024-02-21,Nord,DHL,Books,63.58,3.1
ORD-2026502,2024-02-21,West,DPD,Apparel,88.76,2.7
ORD-2024575,2024-02-21,West,DPD,Electronics,99.95,1.7
ORD-2028986,2024-02-21,Ost,DHL,Electronics,47.1,2.0
ORD-2027896,2024-02-21,Sued,UPS,Food,47.93,9.7
ORD-2024142,2024-02-21,Nord,DHL,Apparel,58.49,2.0
ORD-2027653,2024-02-21,Sued,DPD,Food,81.34,2.6
ORD-2025544,2024-02-21,Ost,DHL,Electronics,49.14,1.6
ORD-2026162,2024-02-21,Ost,UPS,Books,279.2,1.1
ORD-2024197,2024-02-21,Zentral,DPD,Apparel,59.13,4.6
ORD-2027787,2024-02-22,Ost,UPS,Electronics,105.09,1.0
ORD-2024054,2024-02-22,Nord,Hermes,Electronics,118.83,4.2
ORD-2028265,2024-02-22,Sued,Hermes,Books,104.68,2.2
ORD-2027790,2024-02-22,Nord,DHL,Apparel,36.1,3.4
ORD-2024085,2024-02-22,Nord,DHL,Electronics,68.88,2.5
ORD-2026074,2024-02-22,Ost,DPD,Home,24.8,3.4
ORD-2027658,2024-02-22,Ost,UPS,Apparel,17.2,2.6
ORD-2024581,2024-02-22,Sued,Hermes,Apparel,46.44,6.0
ORD-2024215,2024-02-22,Zentral,DHL,Electronics,48.78,2.3
ORD-2024748,2024-02-22,Sued,DPD,Home,97.03,2.8
ORD-2027640,2024-02-22,Nord,DPD,Electronics,201.19,2.1
ORD-2027633,2024-02-22,Ost,DPD,Food,46.3,4.7
ORD-2025302,2024-02-22,Sued,GLS,Apparel,124.97,3.5
ORD-2024412,2024-02-22,West,GLS,Electronics,35.31,5.5
ORD-2024816,2024-02-22,West,DHL,Electronics,14.32,1.6
ORD-2028389,2024-02-23,Nord,UPS,Home,7.73,2.2
ORD-2025257,2024-02-23,Zentral,Hermes,Apparel,55.37,7.0
ORD-2027552,2024-02-23,West,DPD,Books,97.29,2.0
ORD-2028741,2024-02-23,West,DHL,Home,5.0,2.6
ORD-2024209,2024-02-23,Nord,DHL,Home,31.31,1.4
ORD-2024277,2024-02-23,Ost,DHL,Electronics,8.32,1.6
ORD-2026694,2024-02-23,West,DHL,Electronics,95.7,10.9
ORD-2027785,2024-02-23,Zentral,UPS,Apparel,42.77,3.2
ORD-2024355,2024-02-23,Ost,DHL,Home,43.68,2.2
ORD-2024409,2024-02-23,Sued,UPS,Electronics,41.27,1.1
ORD-2027912,2024-02-23,West,Hermes,Electronics,32.69,5.4
ORD-2028121,2024-02-23,West,DHL,Home,30.84,2.7
ORD-2027652,2024-02-23,West,DPD,Apparel,39.79,2.9
ORD-2024678,2024-02-23,Ost,DHL,Apparel,410.88,3.6
ORD-2025563,2024-02-23,Sued,DPD,Home,33.95,2.7
ORD-2024064,2024-02-23,Sued,Hermes,Electronics,99.42,2.1
ORD-2024773,2024-02-23,West,DPD,Electronics,38.09,1.7
ORD-2025388,2024-02-24,West,DPD,Food,28.85,1.6
ORD-2024038,2024-02-24,Zentral,DHL,Food,104.66,1.0
ORD-2026971,2024-02-24,Zentral,GLS,Apparel,25.7,3.2
ORD-2028885,2024-02-24,Nord,DPD,Food,79.4,1.6
ORD-2026736,2024-02-24,Sued,DHL,Apparel,576.55,3.6
ORD-2028524,2024-02-24,Ost,GLS,Apparel,61.56,1.8
ORD-2025239,2024-02-24,Zentral,Hermes,Apparel,118.35,2.7
ORD-2025878,2024-02-24,West,DHL,Food,65.47,3.9
ORD-2028006,2024-02-24,Sued,DHL,Apparel,518.3,2.3
ORD-2025246,2024-02-24,Nord,DHL,Food,112.37,3.2
ORD-2026317,2024-02-24,Zentral,DHL,Home,70.92,2.4
ORD-2025166,2024-02-24,Sued,GLS,Food,11.73,2.2
ORD-2027835,2024-02-24,Zentral,GLS,Electronics,91.83,2.2
ORD-2027628,2024-02-24,West,Hermes,Home,11.41,1.0
ORD-2028995,2024-02-25,West,DHL,Home,35.75,2.7
ORD-2025622,2024-02-25,Sued,DHL,Apparel,63.95,3.6
ORD-2024883,2024-02-25,Nord,DHL,Home,32.62,1.7
ORD-2028804,2024-02-25,Ost,DHL,Apparel,125.41,1.5
ORD-2026438,2024-02-25,Zentral,DHL,Food,32.76,3.3
ORD-2024865,2024-02-25,Nord,DHL,Electronics,95.25,2.3
ORD-2027381,2024-02-25,Nord,UPS,Apparel,61.82,3.2
ORD-2028453,2024-02-25,Ost,DHL,Books,24.32,2.4
ORD-2027710,2024-02-25,Sued,DHL,Apparel,19.72,1.5
ORD-2028655,2024-02-26,Sued,UPS,Food,28.88,6.5
ORD-2028271,2024-02-26,Nord,GLS,Apparel,35.37,3.6
ORD-2024584,2024-02-26,Nord,UPS,Food,37.64,15.7
ORD-2026829,2024-02-26,Ost,DHL,Apparel,27.29,2.5
ORD-2027564,2024-02-26,Sued,DPD,Apparel,40.03,3.9
ORD-2026723,2024-02-26,West,DHL,Electronics,94.43,1.4
ORD-2028301,2024-02-26,Ost,DPD,Apparel,86.31,3.9
ORD-2026913,2024-02-26,Ost,DHL,Books,48.46,2.0
ORD-2025430,2024-02-26,Ost,Hermes,Apparel,55.23,3.0
ORD-2027900,2024-02-26,Nord,DHL,Electronics,61.73,1.6
ORD-2024402,2024-02-27,Ost,DHL,Home,33.08,2.3
ORD-2024356,2024-02-27,West,DHL,Books,44.05,2.7
ORD-2025719,2024-02-27,Nord,DHL,Books,7.12,1.0
ORD-2028457,2024-02-27,Sued,Hermes,Food,40.98,1.9
ORD-2024655,2024-02-27,West,GLS,Home,56.59,5.5
ORD-2028979,2024-02-27,West,DPD,Food,98.18,2.9
ORD-2028049,2024-02-27,Nord,GLS,Books,20.77,1.0
ORD-2028309,2024-02-27,Ost,DHL,Apparel,73.9,2.7
ORD-2024644,2024-02-27,Sued,Hermes,Electronics,192.44,3.3
ORD-2026291,2024-02-27,Sued,Hermes,Apparel,20.49,3.5
ORD-2026946,2024-02-27,West,DPD,Apparel,119.41,4.5
ORD-2024436,2024-02-27,Zentral,DHL,Electronics,41.29,2.4
ORD-2024444,2024-02-27,Nord,DPD,Electronics,31.69,2.5
ORD-2025747,2024-02-27,Ost,DHL,Books,68.11,1.2
ORD-2027968,2024-02-28,Nord,DHL,Food,55.24,2.1
ORD-2025636,2024-02-28,Ost,Hermes,Electronics,18.36,5.3
ORD-2025637,2024-02-28,West,DHL,Electronics,32.26,2.7
ORD-2025311,2024-02-28,Sued,DHL,Books,81.73,3.3
ORD-2028725,2024-02-28,West,DHL,Apparel,16.81,4.4
ORD-2028353,2024-02-28,Sued,DHL,Home,50.28,2.2
ORD-2028275,2024-02-28,Nord,Hermes,Apparel,22.79,8.0
ORD-2026015,2024-02-28,Nord,DHL,Books,114.93,2.4
ORD-2027432,2024-02-28,Zentral,GLS,Home,25.97,3.5
ORD-2028745,2024-02-28,Nord,GLS,Home,99.9,3.5
ORD-2027012,2024-02-28,West,Hermes,Food,61.97,4.3
ORD-2027855,2024-02-28,Ost,DHL,Apparel,46.1,3.8
ORD-2027665,2024-02-28,Zentral,DPD,Books,55.62,3.5
ORD-2028692,2024-02-28,Sued,DHL,Books,16.84,1.6
ORD-2025896,2024-02-28,West,DHL,Home,45.34,2.8
ORD-2025448,2024-02-28,West,DHL,Food,28.87,1.0
ORD-2025546,2024-02-28,Nord,Hermes,Home,72.94,6.0
ORD-2024030,2024-02-28,Ost,Hermes,Apparel,35.87,3.2
ORD-2028909,2024-02-28,Ost,DPD,Apparel,30.26,4.1
ORD-2028159,2024-02-28,West,GLS,Apparel,117.46,2.9
ORD-2026924,2024-02-28,Nord,UPS,Apparel,16.36,1.0
ORD-2027880,2024-02-28,Ost,DHL,Electronics,80.55,3.1
ORD-2027264,2024-02-28,Nord,DHL,Electronics,86.79,2.9
ORD-2028892,2024-02-28,Nord,DHL,Home,26.13,2.3
ORD-2026744,2024-02-29,Zentral,GLS,Electronics,195.89,3.9
ORD-2025031,2024-02-29,Zentral,DHL,Electronics,32.07,2.4
ORD-2026221,2024-02-29,Sued,DPD,Books,79.53,4.4
ORD-2025760,2024-02-29,West,Hermes,Apparel,108.94,3.9
ORD-2024262,2024-02-29,Ost,DHL,Food,74.3,2.8
ORD-2027029,2024-02-29,West,Hermes,Apparel,77.78,4.3
ORD-2028695,2024-02-29,Ost,DHL,Apparel,49.12,2.8
ORD-2024413,2024-02-29,West,UPS,Apparel,9.39,2.9
ORD-2025688,2024-02-29,Nord,UPS,Food,13.42,1.2
ORD-2026428,2024-02-29,Ost,Hermes,Home,102.08,1.5
ORD-2026520,2024-02-29,Zentral,UPS,Books,31.93,3.1
ORD-2027220,2024-03-01,Nord,DHL,Home,18.77,3.7
ORD-2027608,2024-03-01,West,DPD,Home,27.51,1.9
ORD-2024838,2024-03-01,Nord,DHL,Books,16.11,2.8
ORD-2026788,2024-03-01,Ost,DHL,Food,229.13,2.1
ORD-2025411,2024-03-01,Zentral,DHL,Food,32.26,2.1
ORD-2025532,2024-03-01,Ost,DPD,Electronics,15.4,4.0
ORD-2025571,2024-03-01,Nord,DHL,Food,137.09,2.4
ORD-2028418,2024-03-01,West,DPD,Electronics,52.76,2.1
ORD-2027917,2024-03-01,Ost,GLS,Electronics,19.77,2.9
ORD-2028515,2024-03-01,Nord,Hermes,Food,18.77,6.1
ORD-2024870,2024-03-01,Zentral,DHL,Home,65.8,2.9
ORD-2026894,2024-03-01,Sued,DHL,Apparel,71.42,2.3
ORD-2026895,2024-03-01,West,Hermes,Home,36.06,3.5
ORD-2028824,2024-03-01,Nord,GLS,Electronics,129.38,1.6
ORD-2028771,2024-03-01,Sued,DPD,Home,61.74,15.5
ORD-2028859,2024-03-01,West,GLS,Apparel,89.85,1.0
ORD-2028481,2024-03-01,West,DPD,Food,16.93,4.6
ORD-2028854,2024-03-01,West,DPD,Books,101.83,3.3
ORD-2027922,2024-03-02,West,DHL,Food,48.81,2.7
ORD-2028303,2024-03-02,West,DHL,Apparel,47.95,3.0
ORD-2024561,2024-03-02,Ost,GLS,Home,80.25,1.7
ORD-2028765,2024-03-02,Zentral,DHL,Books,14.17,2.6
ORD-2026475,2024-03-02,Sued,DHL,Apparel,76.79,2.7
ORD-2028693,2024-03-02,Nord,DPD,Books,105.77,3.6
ORD-2028623,2024-03-02,Sued,DHL,Electronics,19.94,2.8
ORD-2026465,2024-03-02,Nord,Hermes,Food,8.78,5.2
ORD-2025047,2024-03-02,Sued,Hermes,Electronics,16.14,7.1
ORD-2028736,2024-03-02,Sued,DHL,Electronics,114.43,2.5
ORD-2027344,2024-03-02,West,DPD,Apparel,27.86,1.9
ORD-2025539,2024-03-02,Nord,DHL,Electronics,26.98,3.3
ORD-2027162,2024-03-02,West,Hermes,Home,45.11,3.1
ORD-2024116,2024-03-02,West,DHL,Apparel,28.34,2.6
ORD-2028702,2024-03-02,West,DHL,Apparel,120.28,3.7
ORD-2024973,2024-03-02,Nord,DPD,Apparel,100.72,3.9
ORD-2025574,2024-03-02,West,DHL,Home,25.98,1.5
ORD-2024161,2024-03-02,Nord,DPD,Electronics,29.1,5.9
ORD-2028471,2024-03-03,Sued,DPD,Apparel,35.07,3.3
ORD-2027367,2024-03-03,Sued,UPS,Electronics,181.11,2.2
ORD-2025063,2024-03-03,Sued,DHL,Food,29.28,1.1
ORD-2025175,2024-03-03,West,Hermes,Electronics,89.52,4.8
ORD-2027127,2024-03-03,Ost,UPS,Electronics,50.7,1.9
ORD-2028411,2024-03-03,Nord,DHL,Apparel,254.76,3.0
ORD-2028207,2024-03-03,Nord,Hermes,Electronics,1157.32,3.7
ORD-2026462,2024-03-03,Ost,UPS,Home,37.48,2.3
ORD-2024138,2024-03-03,West,Hermes,Electronics,47.75,6.6
ORD-2024731,2024-03-03,Ost,DHL,Electronics,65.82,2.2
ORD-2026081,2024-03-03,Zentral,Hermes,Apparel,49.34,2.0
ORD-2024397,2024-03-03,Sued,DHL,Food,17.28,1.8
ORD-2025197,2024-03-03,Nord,DPD,Electronics,24.96,3.1
ORD-2028791,2024-03-03,Zentral,DHL,Apparel,34.37,2.9
ORD-2025209,2024-03-03,Zentral,DPD,Apparel,22.13,4.4
ORD-2027538,2024-03-03,West,DHL,Home,33.07,1.8
ORD-2027003,2024-03-03,Zentral,Hermes,Apparel,51.96,1.7
ORD-2025550,2024-03-03,Sued,DHL,Apparel,213.34,2.1
ORD-2024101,2024-03-03,Ost,GLS,Books,53.57,2.7
ORD-2028897,2024-03-04,West,UPS,Books,186.31,2.4
ORD-2025366,2024-03-04,Nord,DHL,Electronics,166.05,2.3
ORD-2028972,2024-03-04,Nord,Hermes,Home,62.08,1.0
ORD-2025989,2024-03-04,Ost,Hermes,Books,30.32,3.4
ORD-2027392,2024-03-04,Ost,DHL,Electronics,18.44,2.2
ORD-2028732,2024-03-04,West,DHL,Home,20.7,3.3
ORD-2027482,2024-03-04,Sued,DHL,Apparel,36.71,2.6
ORD-2025790,2024-03-04,Nord,DHL,Apparel,14.6,3.3
ORD-2027167,2024-03-04,West,Hermes,Electronics,121.8,7.2
ORD-2024723,2024-03-05,Ost,DHL,Food,23.3,1.5
ORD-2025516,2024-03-05,Sued,GLS,Food,37.27,4.3
ORD-2027775,2024-03-05,Nord,DPD,Apparel,33.98,5.3
ORD-2027180,2024-03-05,Zentral,DHL,Food,118.79,3.1
ORD-2024094,2024-03-05,West,DHL,Food,18.66,1.9
ORD-2024512,2024-03-05,Sued,DHL,Electronics,37.59,2.0
ORD-2028214,2024-03-05,Sued,DHL,Electronics,16.03,1.0
ORD-2026109,2024-03-05,Sued,UPS,Apparel,30.11,1.9
ORD-2028355,2024-03-05,Ost,GLS,Books,45.94,4.8
ORD-2026483,2024-03-05,Ost,UPS,Books,51.92,1.0
ORD-2027697,2024-03-05,Ost,UPS,Home,42.51,3.1
ORD-2026906,2024-03-05,Sued,DHL,Apparel,50.99,3.6
ORD-2027576,2024-03-05,West,DHL,Books,82.4,13.0
ORD-2026914,2024-03-06,Nord,DHL,Food,74.85,2.8
ORD-2027613,2024-03-06,Sued,DHL,Apparel,64.6,2.3
ORD-2025964,2024-03-06,West,DHL,Electronics,44.04,3.0
ORD-2024158,2024-03-06,West,DHL,Books,9.43,3.2
ORD-2026350,2024-03-06,Ost,Hermes,Books,30.68,4.8
ORD-2027064,2024-03-06,Zentral,DHL,Home,55.7,1.7
ORD-2026949,2024-03-06,Nord,Hermes,Apparel,64.25,4.6
ORD-2026385,2024-03-06,West,DHL,Books,72.01,2.4
ORD-2025924,2024-03-06,Zentral,DHL,Home,82.44,1.6
ORD-2026687,2024-03-06,West,DHL,Apparel,30.37,2.2
ORD-2024784,2024-03-06,Ost,DPD,Food,43.64,3.6
ORD-2027207,2024-03-07,Nord,Hermes,Food,25.05,2.5
ORD-2024920,2024-03-07,Zentral,GLS,Apparel,230.41,2.8
ORD-2025074,2024-03-07,Zentral,DHL,Apparel,29.5,2.1
ORD-2027076,2024-03-07,Zentral,UPS,Apparel,20.07,2.7
ORD-2027403,2024-03-07,West,DHL,Apparel,23.6,3.8
ORD-2026379,2024-03-07,Ost,GLS,Electronics,87.59,4.3
ORD-2025261,2024-03-07,Sued,Hermes,Books,25.9,5.9
ORD-2027575,2024-03-07,Ost,DHL,Books,68.44,3.2
ORD-2026289,2024-03-07,West,DHL,Home,155.31,2.2
ORD-2027948,2024-03-08,Ost,DHL,Home,44.13,2.5
ORD-2027437,2024-03-08,West,DHL,Books,11.6,3.6
ORD-2028371,2024-03-08,Zentral,Hermes,Food,73.27,4.3
ORD-2028064,2024-03-08,Zentral,Hermes,Books,20.74,6.1
ORD-2024919,2024-03-08,Zentral,DHL,Food,6.78,2.4
ORD-2025584,2024-03-08,West,DHL,Electronics,32.56,2.2
ORD-2027891,2024-03-08,Sued,GLS,Electronics,68.01,4.8
ORD-2024298,2024-03-08,Zentral,DPD,Home,27.15,4.0
ORD-2027150,2024-03-08,West,UPS,Apparel,270.92,2.8
ORD-2028853,2024-03-08,Sued,DHL,Electronics,32.46,2.9
ORD-2026410,2024-03-08,Zentral,DHL,Apparel,81.35,2.6
ORD-2026260,2024-03-08,Ost,DHL,Electronics,32.61,3.5
ORD-2026216,2024-03-08,Sued,Hermes,Apparel,102.52,3.7
ORD-2026935,2024-03-08,West,GLS,Apparel,42.83,2.8
ORD-2025120,2024-03-09,Sued,Hermes,Apparel,165.28,6.3
ORD-2025021,2024-03-09,West,GLS,Apparel,101.56,2.6
ORD-2026228,2024-03-09,Zentral,DPD,Home,9.34,1.0
ORD-2026540,2024-03-09,Sued,DHL,Food,208.25,1.1
ORD-2026076,2024-03-09,Nord,Hermes,Home,25.31,2.3
ORD-2025392,2024-03-09,Ost,Hermes,Food,72.22,4.4
ORD-2027438,2024-03-09,Nord,DHL,Home,34.72,1.0
ORD-2024469,2024-03-09,Nord,Hermes,Apparel,32.07,5.5
ORD-2028413,2024-03-09,West,DHL,Home,67.21,2.7
ORD-2024458,2024-03-09,West,DHL,Electronics,102.91,1.0
ORD-2028273,2024-03-09,Zentral,DHL,Home,48.65,2.7
ORD-2026804,2024-03-09,Ost,GLS,Home,43.35,3.2
ORD-2028112,2024-03-09,Ost,DHL,Electronics,120.0,3.4
ORD-2028505,2024-03-09,Zentral,GLS,Home,56.02,1.0
ORD-2024813,2024-03-09,West,GLS,Apparel,43.27,1.4
ORD-2026878,2024-03-09,Zentral,DHL,Home,24.86,3.6
ORD-2024578,2024-03-09,Nord,Hermes,Electronics,29.1,5.2
ORD-2026812,2024-03-10,Sued,UPS,Apparel,15.84,1.7
ORD-2024627,2024-03-10,Nord,DPD,Electronics,50.8,1.6
ORD-2028200,2024-03-10,Nord,DHL,Home,77.72,2.6
ORD-2026275,2024-03-10,Ost,Hermes,Apparel,63.32,3.4
ORD-2026848,2024-03-10,Nord,DPD,Home,67.07,1.4
ORD-2028793,2024-03-10,Zentral,DHL,Electronics,60.5,2.3
ORD-2026703,2024-03-10,West,GLS,Food,86.39,3.7
ORD-2027945,2024-03-10,Ost,DHL,Electronics,54.92,1.7
ORD-2026863,2024-03-10,Sued,DPD,Food,36.03,3.1
ORD-2024946,2024-03-10,Nord,DHL,Electronics,25.16,1.8
ORD-2027499,2024-03-10,West,Hermes,Books,49.23,3.9
ORD-2027508,2024-03-10,West,GLS,Electronics,25.71,5.9
ORD-2028726,2024-03-11,Nord,DPD,Apparel,54.81,1.5
ORD-2028977,2024-03-11,West,UPS,Apparel,242.24,2.4
ORD-2028611,2024-03-11,Nord,DPD,Apparel,24.35,3.6
ORD-2026185,2024-03-11,Nord,DHL,Books,53.69,2.8
ORD-2028317,2024-03-11,West,DHL,Food,16.06,2.4
ORD-2026727,2024-03-11,Zentral,DHL,Books,104.03,2.6
ORD-2028992,2024-03-12,Ost,GLS,Apparel,48.23,2.4
ORD-2027602,2024-03-12,Zentral,GLS,Home,24.02,2.0
ORD-2025789,2024-03-12,Zentral,DHL,Food,81.72,2.7
ORD-2026209,2024-03-12,Zentral,Hermes,Home,23.92,6.7
ORD-2024004,2024-03-12,West,Hermes,Books,341.96,2.7
ORD-2028587,2024-03-12,West,DHL,Food,32.1,2.4
ORD-2027280,2024-03-12,Ost,DHL,Home,18.52,1.6
ORD-2027214,2024-03-12,Zentral,DHL,Books,98.19,3.1
ORD-2025759,2024-03-12,Nord,DPD,Home,180.57,4.5
ORD-2024764,2024-03-12,Ost,UPS,Apparel,43.88,11.7
ORD-2026970,2024-03-12,Nord,Hermes,Apparel,51.47,3.1
ORD-2026673,2024-03-12,Sued,DHL,Apparel,52.67,1.9
ORD-2025793,2024-03-12,Nord,DHL,Electronics,15.51,1.5
ORD-2025547,2024-03-12,Nord,Hermes,Apparel,14.78,3.6
ORD-2026082,2024-03-13,Zentral,UPS,Home,35.4,1.8
ORD-2026383,2024-03-13,West,Hermes,Home,44.43,2.9
ORD-2028443,2024-03-13,West,DHL,Electronics,69.99,2.5
ORD-2026272,2024-03-13,Sued,DHL,Electronics,32.08,3.4
ORD-2028637,2024-03-13,Zentral,Hermes,Food,114.74,4.9
ORD-2027128,2024-03-13,Sued,DPD,Books,13.8,3.8
ORD-2025526,2024-03-13,Zentral,DHL,Electronics,20.53,2.0
ORD-2028378,2024-03-13,Ost,UPS,Home,42.44,2.1
ORD-2028397,2024-03-13,West,GLS,Apparel,16.29,1.0
ORD-2025845,2024-03-13,Sued,GLS,Electronics,211.42,5.4
ORD-2028953,2024-03-13,Ost,DPD,Apparel,51.18,3.4
ORD-2026088,2024-03-13,Zentral,DPD,Books,16.76,2.9
ORD-2027355,2024-03-13,Ost,DHL,Apparel,112.75,3.0
ORD-2024858,2024-03-13,West,DHL,Electronics,186.83,1.3
ORD-2025405,2024-03-13,Zentral,DPD,Books,14.67,5.9
ORD-2028347,2024-03-13,Ost,GLS,Books,191.77,2.2
ORD-2028198,2024-03-13,Nord,DPD,Electronics,158.73,1.7
ORD-2024602,2024-03-14,West,DPD,Apparel,66.29,1.0
ORD-2026965,2024-03-14,West,UPS,Food,59.14,2.6
ORD-2027650,2024-03-14,Sued,DHL,Apparel,46.74,1.5
ORD-2028858,2024-03-14,Zentral,DHL,Apparel,12.88,2.7
ORD-2025684,2024-03-14,Sued,Hermes,Apparel,39.46,5.4
ORD-2027995,2024-03-14,Sued,DHL,Apparel,232.74,1.7
ORD-2026808,2024-03-14,West,DHL,Books,132.48,2.6
ORD-2028779,2024-03-14,West,DPD,Electronics,56.54,3.4
ORD-2028326,2024-03-14,Nord,DHL,Food,168.03,1.7
ORD-2027791,2024-03-14,Sued,GLS,Books,25.53,5.8
ORD-2026182,2024-03-14,Sued,DHL,Electronics,18.94,2.3
ORD-2028888,2024-03-15,Sued,GLS,Home,163.5,4.5
ORD-2024535,2024-03-15,Zentral,DHL,Electronics,139.73,2.3
ORD-2027050,2024-03-15,West,DPD,Apparel,86.98,2.7
ORD-2026700,2024-03-15,Sued,DHL,Home,38.65,3.1
ORD-2027600,2024-03-15,Ost,DHL,Food,28.2,3.1
ORD-2028930,2024-03-15,Zentral,DPD,Apparel,26.79,5.6
ORD-2025179,2024-03-15,West,DHL,Apparel,16.35,3.8
ORD-2024967,2024-03-15,Ost,DPD,Food,49.23,4.0
ORD-2026783,2024-03-15,West,Hermes,Books,165.12,4.0
ORD-2027513,2024-03-15,Nord,UPS,Food,135.62,3.4
ORD-2027404,2024-03-15,Ost,DHL,Food,43.26,3.5
ORD-2027674,2024-03-15,Sued,DHL,Books,26.23,3.7
ORD-2025335,2024-03-15,Zentral,DHL,Apparel,122.22,2.2
ORD-2024785,2024-03-15,Ost,DPD,Electronics,127.84,5.3
ORD-2027370,2024-03-15,Sued,DPD,Home,42.49,3.0
ORD-2025729,2024-03-15,Nord,UPS,Apparel,123.16,2.5
ORD-2024281,2024-03-15,West,DPD,Apparel,39.36,1.8
ORD-2024570,2024-03-16,Sued,DHL,Books,66.12,1.9
ORD-2027036,2024-03-16,West,DHL,Apparel,73.29,2.7
ORD-2028071,2024-03-16,West,Hermes,Apparel,18.66,6.5
ORD-2027185,2024-03-16,Sued,DHL,Apparel,43.44,1.3
ORD-2025811,2024-03-16,Ost,Hermes,Books,68.89,4.9
ORD-2024600,2024-03-16,West,GLS,Home,75.83,4.3
ORD-2027206,2024-03-16,Nord,DHL,Apparel,25.72,2.1
ORD-2028209,2024-03-16,Sued,DHL,Books,69.3,3.8
ORD-2026110,2024-03-16,West,DHL,Apparel,106.19,3.9
ORD-2026065,2024-03-16,West,Hermes,Electronics,99.19,4.3
ORD-2028545,2024-03-16,Ost,UPS,Home,240.55,3.6
ORD-2026921,2024-03-16,Sued,DHL,Food,68.06,2.5
ORD-2024462,2024-03-16,Sued,DHL,Food,41.66,2.0
ORD-2025026,2024-03-16,West,GLS,Books,33.59,2.1
ORD-2025347,2024-03-16,Ost,Hermes,Electronics,82.23,4.9
ORD-2026750,2024-03-16,Sued,GLS,Electronics,41.7,2.4
ORD-2026090,2024-03-17,Nord,UPS,Apparel,68.61,1.8
ORD-2025666,2024-03-17,Sued,Hermes,Home,57.12,2.8
ORD-2028809,2024-03-17,Ost,DPD,Books,14.22,3.3
ORD-2026243,2024-03-17,Nord,DPD,Home,48.05,2.4
ORD-2028434,2024-03-17,Ost,DPD,Apparel,35.07,4.6
ORD-2026174,2024-03-17,West,DPD,Home,10.62,2.9
ORD-2025827,2024-03-17,Sued,GLS,Electronics,68.18,4.0
ORD-2027431,2024-03-17,Nord,Hermes,Home,40.9,3.4
ORD-2024855,2024-03-18,Nord,Hermes,Apparel,43.61,2.4
ORD-2026781,2024-03-18,Zentral,GLS,Apparel,14.01,4.4
ORD-2024887,2024-03-18,Zentral,Hermes,Home,115.67,5.6
ORD-2026580,2024-03-18,Sued,Hermes,Books,133.32,2.0
ORD-2028223,2024-03-18,Zentral,GLS,Home,17.71,3.0
ORD-2026242,2024-03-18,West,DHL,Food,10.66,2.4
ORD-2025229,2024-03-18,Sued,UPS,Apparel,57.97,2.7
ORD-2025269,2024-03-18,Sued,DPD,Electronics,31.42,2.1
ORD-2025046,2024-03-18,Zentral,DHL,Apparel,92.48,2.3
ORD-2027925,2024-03-18,Sued,DHL,Apparel,72.62,13.5
ORD-2024754,2024-03-18,Sued,DHL,Books,23.63,3.3
ORD-2028796,2024-03-19,West,DHL,Books,239.6,1.8
ORD-2026479,2024-03-19,Ost,DHL,Food,73.77,3.1
ORD-2026940,2024-03-19,West,DPD,Books,36.19,4.5
ORD-2026409,2024-03-19,Zentral,DHL,Electronics,32.39,2.7
ORD-2028288,2024-03-19,Ost,DHL,Home,27.77,1.3
ORD-2025718,2024-03-19,West,DHL,Electronics,27.52,1.6
ORD-2025765,2024-03-19,Nord,GLS,Apparel,87.11,4.7
ORD-2027863,2024-03-19,Zentral,DHL,Home,45.6,3.5
ORD-2026536,2024-03-19,Zentral,DHL,Apparel,11.25,1.1
ORD-2028360,2024-03-19,Ost,DHL,Electronics,229.02,1.8
ORD-2027678,2024-03-19,Sued,UPS,Home,45.92,1.7
ORD-2024663,2024-03-20,Sued,UPS,Books,93.3,1.9
ORD-2025976,2024-03-20,Nord,DHL,Apparel,30.12,2.2
ORD-2028243,2024-03-20,Zentral,UPS,Electronics,17.86,2.4
ORD-2026446,2024-03-20,West,DPD,Home,10.1,4.3
ORD-2025435,2024-03-20,Ost,DHL,Home,32.81,3.6
ORD-2025814,2024-03-20,Ost,Hermes,Apparel,49.74,3.2
ORD-2026892,2024-03-21,Zentral,DHL,Apparel,96.43,1.4
ORD-2025612,2024-03-21,West,GLS,Home,19.6,4.1
ORD-2024203,2024-03-21,West,DHL,Books,64.34,2.4
ORD-2025440,2024-03-21,Sued,Hermes,Electronics,25.71,4.5
ORD-2024060,2024-03-21,Ost,DPD,Apparel,14.66,1.9
ORD-2028756,2024-03-21,Zentral,Hermes,Food,88.41,2.3
ORD-2024805,2024-03-21,Sued,Hermes,Apparel,118.62,2.7
ORD-2028195,2024-03-21,Ost,DHL,Home,23.06,3.8
ORD-2024103,2024-03-21,Nord,Hermes,Apparel,7.13,5.4
ORD-2027336,2024-03-21,Ost,UPS,Home,97.85,3.2
ORD-2025307,2024-03-21,Zentral,UPS,Apparel,50.15,1.6
ORD-2028184,2024-03-21,Ost,DPD,Apparel,8.83,3.3
ORD-2027985,2024-03-21,Nord,DPD,Apparel,23.9,5.2
ORD-2028045,2024-03-22,West,DHL,Books,43.39,1.0
ORD-2026741,2024-03-22,West,DHL,Electronics,32.41,3.0
ORD-2026505,2024-03-22,Zentral,GLS,Apparel,102.35,13.4
ORD-2027521,2024-03-22,Nord,Hermes,Electronics,94.95,2.5
ORD-2028313,2024-03-22,Ost,GLS,Apparel,35.46,4.9
ORD-2026373,2024-03-22,West,DHL,Electronics,73.03,3.5
ORD-2025662,2024-03-22,West,DPD,Books,28.91,2.7
ORD-2025468,2024-03-22,Zentral,DHL,Home,129.51,2.3
ORD-2028675,2024-03-22,Nord,GLS,Books,65.0,2.7
ORD-2025288,2024-03-22,Sued,DPD,Apparel,35.76,4.2
ORD-2026877,2024-03-22,Sued,DHL,Home,87.91,2.6
ORD-2024710,2024-03-22,Ost,Hermes,Books,87.88,3.9
ORD-2025889,2024-03-22,Ost,DHL,Home,260.69,1.4
ORD-2026098,2024-03-22,Sued,DHL,Food,50.86,1.6
ORD-2027303,2024-03-22,West,GLS,Home,35.0,2.3
ORD-2027706,2024-03-23,Zentral,DHL,Electronics,40.73,4.0
ORD-2027609,2024-03-23,Sued,DHL,Home,57.69,2.1
ORD-2024931,2024-03-23,Sued,UPS,Apparel,78.18,2.6
ORD-2027119,2024-03-23,Nord,DHL,Food,163.06,2.3
ORD-2026439,2024-03-23,Zentral,DPD,Apparel,144.63,2.9
ORD-2028356,2024-03-23,Nord,DPD,Apparel,61.07,3.4
ORD-2028503,2024-03-23,Zentral,Hermes,Home,61.49,6.7
ORD-2028376,2024-03-23,Zentral,Hermes,Electronics,24.48,4.5
ORD-2028257,2024-03-23,Sued,DHL,Apparel,66.45,4.0
ORD-2024751,2024-03-23,West,DPD,Home,29.41,3.2
ORD-2028084,2024-03-24,Zentral,DHL,Food,93.94,2.8
ORD-2025855,2024-03-24,Zentral,GLS,Food,112.18,2.2
ORD-2025010,2024-03-24,Ost,DHL,Apparel,45.23,3.0
ORD-2028502,2024-03-24,Sued,Hermes,Apparel,52.45,3.0
ORD-2027908,2024-03-24,Nord,UPS,Food,38.93,2.6
ORD-2026855,2024-03-24,West,DHL,Electronics,70.0,3.6
ORD-2026831,2024-03-24,West,DPD,Apparel,391.43,3.9
ORD-2028988,2024-03-24,Nord,DHL,Apparel,102.85,2.8
ORD-2025860,2024-03-24,West,DHL,Food,75.62,1.0
ORD-2028338,2024-03-24,Zentral,DHL,Food,22.31,1.6
ORD-2026338,2024-03-24,West,Hermes,Home,6.54,6.5
ORD-2024562,2024-03-24,Nord,DHL,Home,73.27,2.3
ORD-2025743,2024-03-24,Sued,GLS,Home,55.63,2.7
ORD-2025733,2024-03-24,Ost,DHL,Home,42.21,2.1
ORD-2026190,2024-03-24,Nord,DPD,Food,81.61,3.9
ORD-2027327,2024-03-24,Zentral,DHL,Apparel,22.81,2.4
ORD-2027306,2024-03-24,Zentral,DHL,Food,123.07,3.5
ORD-2027987,2024-03-24,Ost,GLS,Home,29.51,4.1
ORD-2025957,2024-03-24,West,DHL,Electronics,41.54,1.7
ORD-2025203,2024-03-24,Sued,DHL,Food,173.41,2.7
ORD-2028286,2024-03-24,Sued,DHL,Books,28.13,2.5
ORD-2027111,2024-03-24,Ost,DHL,Food,12.49,3.0
ORD-2028128,2024-03-25,West,DPD,Food,32.63,2.8
ORD-2024753,2024-03-25,West,GLS,Books,44.87,2.6
ORD-2028559,2024-03-25,Zentral,DHL,Apparel,54.2,1.8
ORD-2026969,2024-03-25,Nord,DHL,Apparel,247.47,2.2
ORD-2025282,2024-03-25,Zentral,Hermes,Apparel,22.87,4.7
ORD-2026249,2024-03-25,Nord,DPD,Apparel,23.44,1.4
ORD-2026125,2024-03-25,West,Hermes,Apparel,97.15,3.7
ORD-2025816,2024-03-26,West,Hermes,Electronics,40.77,3.5
ORD-2027992,2024-03-26,West,DHL,Books,70.4,1.5
ORD-2028642,2024-03-26,Sued,DPD,Apparel,44.52,3.5
ORD-2027923,2024-03-26,Ost,Hermes,Apparel,19.37,2.5
ORD-2025457,2024-03-26,West,DHL,Home,86.97,1.8
ORD-2028836,2024-03-26,Nord,GLS,Home,11.34,5.1
ORD-2024156,2024-03-26,Zentral,Hermes,Apparel,42.1,2.1
ORD-2024465,2024-03-26,Nord,UPS,Books,37.96,2.9
ORD-2026920,2024-03-26,Zentral,UPS,Electronics,35.9,2.7
ORD-2025088,2024-03-26,Nord,DHL,Apparel,81.47,2.1
ORD-2026472,2024-03-26,Ost,DPD,Apparel,27.09,2.2
ORD-2026636,2024-03-26,Nord,GLS,Electronics,60.12,4.4
ORD-2026690,2024-03-26,Nord,DHL,Electronics,18.27,3.0
ORD-2027156,2024-03-26,West,DHL,Home,125.84,3.2
ORD-2026052,2024-03-26,Ost,DHL,Electronics,48.53,3.5
ORD-2026890,2024-03-26,Ost,GLS,Home,20.75,3.2
ORD-2024911,2024-03-26,Zentral,DHL,Apparel,21.17,3.4
ORD-2026900,2024-03-26,West,GLS,Apparel,14.42,5.0
ORD-2028544,2024-03-27,Sued,GLS,Electronics,32.72,3.8
ORD-2027425,2024-03-27,Zentral,UPS,Food,42.94,6.6
ORD-2027215,2024-03-27,Ost,DHL,Electronics,76.28,1.9
ORD-2025245,2024-03-27,Sued,DPD,Books,188.12,2.2
ORD-2026880,2024-03-27,Sued,DHL,Home,9.6,3.1
ORD-2025871,2024-03-27,Zentral,DHL,Apparel,84.85,2.7
ORD-2025348,2024-03-27,Zentral,DHL,Home,71.64,3.7
ORD-2028551,2024-03-27,West,DHL,Apparel,97.05,3.3
ORD-2026546,2024-03-27,Ost,UPS,Home,71.57,1.0
ORD-2025944,2024-03-27,West,Hermes,Food,161.15,2.9
ORD-2026541,2024-03-27,Nord,Hermes,Electronics,24.97,3.1
ORD-2024011,2024-03-28,Nord,Hermes,Home,267.65,3.6
ORD-2026650,2024-03-28,Nord,DPD,Electronics,42.2,2.7
ORD-2025809,2024-03-28,Nord,DPD,Electronics,28.42,4.1
ORD-2028951,2024-03-28,West,UPS,Apparel,22.31,1.2
ORD-2027988,2024-03-28,West,DPD,Apparel,53.52,4.1
ORD-2025268,2024-03-28,Zentral,DHL,Food,22.77,2.3
ORD-2028185,2024-03-28,Zentral,DHL,Home,62.16,3.3
ORD-2027688,2024-03-28,Nord,DHL,Food,24.91,3.4
ORD-2028484,2024-03-28,Ost,DHL,Apparel,29.97,3.3
ORD-2028024,2024-03-29,Ost,GLS,Home,137.78,5.6
ORD-2026106,2024-03-29,West,Hermes,Apparel,289.76,3.6
ORD-2027141,2024-03-29,Zentral,DHL,Apparel,56.47,2.3
ORD-2024048,2024-03-29,Sued,GLS,Electronics,20.98,1.9
ORD-2028245,2024-03-29,Ost,Hermes,Books,234.48,5.6
ORD-2025582,2024-03-29,Ost,DHL,Home,211.88,3.2
ORD-2024453,2024-03-29,Ost,UPS,Apparel,90.32,2.1
ORD-2026085,2024-03-29,Sued,DHL,Apparel,21.02,1.2
ORD-2025445,2024-03-29,Nord,DPD,Books,11.64,4.1
ORD-2027959,2024-03-29,West,DHL,Electronics,63.84,3.2
ORD-2025052,2024-03-29,Sued,DHL,Food,44.25,1.9
ORD-2026959,2024-03-29,Sued,GLS,Apparel,47.67,1.8
ORD-2025049,2024-03-29,West,DHL,Apparel,77.07,2.5
ORD-2024529,2024-03-30,Sued,DHL,Apparel,52.68,3.8
ORD-2026176,2024-03-30,Nord,Hermes,Electronics,17.57,4.7
ORD-2026813,2024-03-30,Zentral,DHL,Electronics,10.21,3.2
ORD-2027285,2024-03-30,West,DHL,Books,33.68,2.3
ORD-2027245,2024-03-30,Nord,DPD,Apparel,169.94,1.5
ORD-2025178,2024-03-30,Sued,DHL,Home,104.32,1.9
ORD-2027955,2024-03-30,Zentral,GLS,Food,20.01,2.7
ORD-2026786,2024-03-30,West,DPD,Food,75.9,1.3
ORD-2027867,2024-03-30,West,Hermes,Books,95.06,5.1
ORD-2027881,2024-03-30,Ost,DHL,Food,19.96,2.8
ORD-2026692,2024-03-30,Nord,DPD,Electronics,142.3,1.6
ORD-2024691,2024-03-30,West,UPS,Home,19.64,2.0
ORD-2025607,2024-03-30,Nord,Hermes,Food,7.95,4.6
ORD-2026078,2024-03-30,Zentral,DHL,Apparel,36.83,2.5
ORD-2024992,2024-03-30,West,GLS,Apparel,246.84,4.2
ORD-2028921,2024-03-30,Nord,GLS,Electronics,122.23,4.3
ORD-2025834,2024-03-30,West,DPD,Electronics,120.68,2.5
ORD-2024526,2024-03-30,Sued,UPS,Books,44.11,16.0
ORD-2028044,2024-03-31,Zentral,DHL,Electronics,36.62,2.5
ORD-2028035,2024-03-31,Nord,DHL,Books,37.67,1.4
ORD-2028823,2024-03-31,Ost,UPS,Apparel,105.86,2.5
ORD-2024633,2024-03-31,Nord,DHL,Food,8.59,1.5
ORD-2027483,2024-03-31,Nord,GLS,Electronics,23.22,1.0
ORD-2028007,2024-03-31,Nord,Hermes,Books,28.98,7.4
ORD-2028438,2024-03-31,Nord,GLS,Electronics,70.61,3.1
ORD-2027099,2024-03-31,Ost,GLS,Electronics,19.36,3.0
ORD-2028468,2024-04-01,Nord,UPS,Apparel,50.66,2.4
ORD-2028727,2024-04-01,Sued,DHL,Apparel,57.03,3.0
ORD-2027457,2024-04-01,Sued,DHL,Apparel,27.65,4.2
ORD-2025739,2024-04-01,West,DHL,Books,61.36,2.9
ORD-2024388,2024-04-01,West,DPD,Apparel,77.14,1.6
ORD-2026469,2024-04-01,West,DHL,Electronics,33.85,2.0
ORD-2027821,2024-04-01,West,DHL,Apparel,39.52,4.0
ORD-2026943,2024-04-01,Nord,DPD,Apparel,58.48,1.0
ORD-2024843,2024-04-01,Zentral,DHL,Home,492.39,3.9
ORD-2025264,2024-04-01,Nord,DHL,Apparel,127.75,2.2
ORD-2025634,2024-04-01,Sued,Hermes,Home,166.75,3.7
ORD-2025817,2024-04-01,Zentral,DPD,Apparel,104.04,2.5
ORD-2027522,2024-04-01,Zentral,GLS,Apparel,29.73,4.1
ORD-2026416,2024-04-01,Nord,DHL,Food,100.02,3.8
ORD-2024056,2024-04-01,Zentral,GLS,Apparel,37.14,4.6
ORD-2025149,2024-04-01,Sued,GLS,Electronics,81.31,4.4
ORD-2024435,2024-04-01,Sued,DHL,Home,37.62,2.3
ORD-2028641,2024-04-02,Sued,DPD,Food,65.15,2.2
ORD-2027331,2024-04-02,Sued,DHL,Home,54.82,2.0
ORD-2028599,2024-04-02,Sued,DHL,Apparel,78.94,2.8
ORD-2028396,2024-04-02,Zentral,Hermes,Books,136.32,6.6
ORD-2027193,2024-04-02,Nord,DPD,Electronics,61.75,3.3
ORD-2027227,2024-04-02,Nord,DHL,Food,62.33,3.4
ORD-2028999,2024-04-02,West,DHL,Apparel,65.35,1.4
ORD-2025977,2024-04-02,Zentral,Hermes,Books,58.29,2.9
ORD-2028906,2024-04-02,Sued,DHL,Apparel,92.5,2.8
ORD-2024836,2024-04-02,Sued,GLS,Food,38.3,5.3
ORD-2024528,2024-04-02,West,GLS,Apparel,19.94,13.0
ORD-2028025,2024-04-02,Zentral,Hermes,Food,31.89,3.3
ORD-2027932,2024-04-02,Zentral,DHL,Apparel,42.49,2.3
ORD-2026114,2024-04-02,West,UPS,Electronics,74.75,2.4
ORD-2025762,2024-04-02,Ost,GLS,Food,17.35,1.6
ORD-2025901,2024-04-02,West,DHL,Electronics,188.37,2.7
ORD-2027991,2024-04-02,West,Hermes,Home,32.82,4.2
ORD-2027728,2024-04-03,West,GLS,Books,90.61,1.9
ORD-2028030,2024-04-03,Ost,DHL,Books,11.72,2.4
ORD-2024972,2024-04-03,West,DHL,Food,36.25,3.2
ORD-2028922,2024-04-03,West,DHL,Apparel,30.04,3.3
ORD-2028749,2024-04-03,Sued,DHL,Apparel,209.2,1.1
ORD-2028425,2024-04-03,Nord,UPS,Food,105.87,2.0
ORD-2025018,2024-04-03,Nord,DPD,Books,58.74,1.0
ORD-2028563,2024-04-03,Sued,DHL,Food,36.59,1.7
ORD-2024471,2024-04-03,Sued,DHL,Food,29.9,3.9
ORD-2027982,2024-04-03,Sued,Hermes,Books,12.89,2.8
ORD-2024519,2024-04-04,West,DHL,Home,263.4,2.6
ORD-2025019,2024-04-04,Zentral,DPD,Books,54.23,2.4
ORD-2028964,2024-04-04,Nord,DHL,Electronics,36.73,2.1
ORD-2024953,2024-04-04,Sued,DHL,Books,7.17,1.8
ORD-2026649,2024-04-04,Zentral,Hermes,Apparel,41.32,3.9
ORD-2026398,2024-04-04,Sued,DHL,Food,39.44,2.9
ORD-2024763,2024-04-04,Nord,GLS,Electronics,50.17,1.0
ORD-2024342,2024-04-04,Nord,DHL,Apparel,123.3,3.0
ORD-2025113,2024-04-04,Sued,Hermes,Home,108.79,6.5
ORD-2028247,2024-04-04,Nord,GLS,Home,64.98,3.9
ORD-2025798,2024-04-04,Nord,DHL,Home,65.56,1.8
ORD-2024827,2024-04-04,West,GLS,Books,22.2,2.5
ORD-2024546,2024-04-05,West,DHL,Electronics,21.18,3.1
ORD-2025501,2024-04-05,Sued,DHL,Books,39.79,3.0
ORD-2024192,2024-04-05,Nord,DHL,Food,61.08,2.3
ORD-2028189,2024-04-05,West,UPS,Books,33.16,2.3
ORD-2024493,2024-04-05,Nord,DHL,Electronics,91.81,3.4
ORD-2028794,2024-04-05,Zentral,DHL,Electronics,32.2,2.4
ORD-2025918,2024-04-05,Sued,GLS,Food,25.76,3.9
ORD-2028699,2024-04-05,West,DHL,Apparel,135.9,1.6
ORD-2026415,2024-04-05,Zentral,UPS,Books,25.38,2.6
ORD-2024449,2024-04-05,Sued,Hermes,Apparel,57.82,6.5
ORD-2027872,2024-04-05,West,DHL,Apparel,71.58,2.2
ORD-2027683,2024-04-05,West,DPD,Books,80.3,3.5
ORD-2024143,2024-04-05,Sued,DPD,Food,35.35,3.8
ORD-2025267,2024-04-05,Nord,DHL,Books,38.76,2.5
ORD-2024233,2024-04-06,Ost,DHL,Home,53.15,1.1
ORD-2026448,2024-04-06,Zentral,GLS,Food,75.31,2.6
ORD-2026523,2024-04-06,Ost,UPS,Food,19.24,2.7
ORD-2028533,2024-04-06,Sued,Hermes,Home,129.43,4.4
ORD-2026953,2024-04-06,Sued,DHL,Apparel,31.52,2.3
ORD-2025263,2024-04-06,West,DPD,Electronics,41.99,3.2
ORD-2025084,2024-04-06,Sued,DPD,Books,26.5,18.1
ORD-2028269,2024-04-06,Sued,DHL,Apparel,20.46,3.7
ORD-2024320,2024-04-06,West,Hermes,Apparel,53.45,2.3
ORD-2026916,2024-04-07,Zentral,DHL,Books,185.87,1.6
ORD-2025586,2024-04-07,Sued,DHL,Home,19.78,1.6
ORD-2025387,2024-04-07,West,GLS,Food,19.24,1.5
ORD-2024792,2024-04-07,Nord,DPD,Apparel,46.26,1.4
ORD-2028976,2024-04-07,Sued,Hermes,Home,192.0,5.2
ORD-2024737,2024-04-07,Zentral,Hermes,Apparel,84.27,3.8
ORD-2026905,2024-04-07,Ost,GLS,Apparel,21.52,3.3
ORD-2025478,2024-04-07,Ost,UPS,Food,84.9,2.2
ORD-2025332,2024-04-07,Sued,Hermes,Home,92.83,7.6
ORD-2026093,2024-04-07,Sued,Hermes,Food,23.83,1.9
ORD-2026903,2024-04-07,Nord,UPS,Home,55.25,2.6
ORD-2028367,2024-04-07,Sued,DHL,Apparel,40.06,3.6
ORD-2027860,2024-04-07,Sued,GLS,Apparel,122.12,5.8
ORD-2024229,2024-04-07,Sued,GLS,Food,108.6,5.6
ORD-2025358,2024-04-07,West,GLS,Electronics,23.81,3.5
ORD-2028319,2024-04-07,Sued,Hermes,Apparel,12.89,4.6
ORD-2024119,2024-04-08,Nord,Hermes,Home,33.45,5.4
ORD-2026440,2024-04-08,Sued,DPD,Home,29.27,2.3
ORD-2024271,2024-04-08,Zentral,GLS,Electronics,18.35,3.4
ORD-2024579,2024-04-08,Nord,Hermes,Home,19.84,4.9
ORD-2024288,2024-04-08,Zentral,DHL,Food,46.14,2.5
ORD-2024335,2024-04-08,Nord,DHL,Apparel,75.83,2.4
ORD-2024343,2024-04-08,Zentral,DHL,Apparel,113.19,2.5
ORD-2027464,2024-04-08,Sued,UPS,Home,39.61,2.4
ORD-2024256,2024-04-08,Sued,GLS,Apparel,31.86,1.0
ORD-2025568,2024-04-08,West,UPS,Electronics,138.77,3.7
ORD-2028070,2024-04-08,Sued,GLS,Electronics,54.3,1.0
ORD-2027354,2024-04-08,Nord,Hermes,Apparel,19.7,1.0
ORD-2028032,2024-04-08,Zentral,DPD,Home,21.95,2.1
ORD-2024544,2024-04-08,West,DPD,Apparel,60.98,3.9
ORD-2026926,2024-04-08,Sued,DHL,Electronics,256.89,1.8
ORD-2024739,2024-04-08,Ost,DHL,Apparel,20.15,3.9
ORD-2025724,2024-04-08,Ost,GLS,Books,18.15,5.5
ORD-2024568,2024-04-09,Ost,DHL,Apparel,92.99,1.0
ORD-2027702,2024-04-09,West,GLS,Electronics,17.37,5.7
ORD-2024012,2024-04-09,Nord,GLS,Home,58.65,3.6
ORD-2027758,2024-04-09,Nord,UPS,Apparel,17.8,2.5
ORD-2024477,2024-04-09,Sued,DHL,Food,55.55,2.9
ORD-2025942,2024-04-09,Sued,DHL,Books,26.24,3.0
ORD-2026821,2024-04-09,Zentral,DHL,Food,19.21,1.8
ORD-2027751,2024-04-09,Ost,GLS,Apparel,99.07,2.5
ORD-2027375,2024-04-09,Ost,DHL,Electronics,17.66,1.8
ORD-2024487,2024-04-09,Sued,GLS,Apparel,19.74,4.4
ORD-2028352,2024-04-09,Sued,DHL,Apparel,61.34,1.7
ORD-2028217,2024-04-09,West,DHL,Apparel,116.25,2.5
ORD-2026220,2024-04-09,Zentral,DHL,Food,30.28,3.2
ORD-2027104,2024-04-09,Nord,Hermes,Apparel,154.17,3.7
ORD-2026990,2024-04-10,Nord,Hermes,Home,41.99,2.6
ORD-2025425,2024-04-10,West,DHL,Apparel,78.85,2.8
ORD-2024933,2024-04-10,Nord,UPS,Food,61.36,1.1
ORD-2026993,2024-04-10,Zentral,GLS,Home,24.05,4.6
ORD-2027997,2024-04-10,Nord,DPD,Apparel,97.71,3.8
ORD-2026706,2024-04-10,Zentral,DHL,Apparel,16.64,2.4
ORD-2028009,2024-04-10,Zentral,DHL,Food,86.08,4.4
ORD-2027722,2024-04-10,Nord,DHL,Electronics,56.71,1.3
ORD-2024410,2024-04-10,Nord,DHL,Apparel,42.06,3.1
ORD-2024509,2024-04-10,West,DHL,Electronics,88.93,1.0
ORD-2024201,2024-04-10,Ost,UPS,Electronics,22.96,1.8
ORD-2027479,2024-04-10,Sued,GLS,Electronics,93.78,3.4
ORD-2025159,2024-04-10,Ost,GLS,Home,26.9,5.8
ORD-2026542,2024-04-10,Sued,DHL,Apparel,51.28,2.8
ORD-2024125,2024-04-10,Zentral,GLS,Electronics,25.73,3.4
ORD-2025013,2024-04-10,West,DHL,Home,30.97,2.2
ORD-2027736,2024-04-10,Sued,UPS,Apparel,51.73,1.4
ORD-2026454,2024-04-10,West,GLS,Books,47.63,3.8
ORD-2026366,2024-04-10,West,Hermes,Apparel,35.25,1.0
ORD-2025421,2024-04-11,West,DHL,Home,60.35,2.0
ORD-2027795,2024-04-11,West,DHL,Apparel,119.45,2.1
ORD-2027803,2024-04-11,Sued,Hermes,Apparel,77.84,5.0
ORD-2026299,2024-04-11,Ost,DHL,Electronics,55.4,2.1
ORD-2028492,2024-04-11,Zentral,DHL,Apparel,33.48,2.9
ORD-2027010,2024-04-11,Ost,Hermes,Home,168.38,2.4
ORD-2028177,2024-04-11,Sued,DHL,Books,31.73,2.7
ORD-2026262,2024-04-11,Nord,DHL,Apparel,62.62,1.6
ORD-2027116,2024-04-11,Nord,DHL,Electronics,31.21,2.7
ORD-2027897,2024-04-11,Ost,DHL,Food,67.27,1.3
ORD-2027512,2024-04-11,West,DHL,Home,51.44,2.6
ORD-2026118,2024-04-11,Sued,GLS,Books,40.55,5.3
ORD-2026096,2024-04-11,West,Hermes,Apparel,60.42,4.2
ORD-2026094,2024-04-11,Ost,DHL,Food,174.42,3.2
ORD-2025805,2024-04-11,Nord,GLS,Electronics,117.93,2.6
ORD-2028619,2024-04-12,Zentral,DHL,Electronics,30.76,2.3
ORD-2025470,2024-04-12,Zentral,Hermes,Electronics,168.49,3.9
ORD-2026451,2024-04-12,Nord,DHL,Apparel,6.52,4.0
ORD-2028092,2024-04-12,Zentral,DHL,Home,65.57,4.3
ORD-2028127,2024-04-12,West,DPD,Apparel,49.3,4.6
ORD-2025830,2024-04-12,Ost,DHL,Books,22.83,4.4
ORD-2027286,2024-04-12,Ost,UPS,Electronics,19.63,1.5
ORD-2024000,2024-04-12,Sued,Hermes,Apparel,53.38,1.6
ORD-2024416,2024-04-12,Nord,DHL,Food,175.72,1.8
ORD-2024007,2024-04-12,Zentral,DPD,Food,19.61,1.7
ORD-2024786,2024-04-12,West,DHL,Electronics,29.27,3.1
ORD-2026974,2024-04-13,Zentral,DHL,Electronics,81.19,2.9
ORD-2028902,2024-04-13,Ost,DHL,Apparel,138.22,2.7
ORD-2025139,2024-04-13,Nord,DHL,Books,25.7,2.8
ORD-2024283,2024-04-13,Zentral,DHL,Apparel,80.1,1.4
ORD-2025136,2024-04-13,Sued,Hermes,Apparel,34.56,7.5
ORD-2028187,2024-04-13,Zentral,DHL,Apparel,25.88,2.6
ORD-2028808,2024-04-13,Nord,DHL,Books,82.3,1.0
ORD-2025070,2024-04-13,West,DPD,Books,102.11,2.1
ORD-2024368,2024-04-13,Zentral,GLS,Home,103.53,2.7
ORD-2028744,2024-04-13,Sued,Hermes,Electronics,17.31,2.0
ORD-2027594,2024-04-13,Sued,DPD,Apparel,37.0,2.1
ORD-2027820,2024-04-13,Nord,Hermes,Apparel,157.32,7.8
ORD-2027857,2024-04-13,Nord,UPS,Books,23.72,2.5
ORD-2027868,2024-04-13,West,DHL,Electronics,68.16,3.2
ORD-2025069,2024-04-13,Sued,DHL,Apparel,29.22,3.2
ORD-2025412,2024-04-13,West,DHL,Electronics,50.2,2.5
ORD-2027467,2024-04-13,Sued,DHL,Home,41.91,4.0
ORD-2028558,2024-04-13,West,DHL,Electronics,36.46,2.3
ORD-2025056,2024-04-13,West,Hermes,Books,63.72,3.7
ORD-2026678,2024-04-13,Ost,DPD,Apparel,32.8,1.9
ORD-2026328,2024-04-13,Nord,DHL,Home,64.01,2.1
ORD-2024531,2024-04-14,Nord,Hermes,Food,81.92,7.6
ORD-2026514,2024-04-14,Zentral,DHL,Home,44.32,2.3
ORD-2028058,2024-04-14,West,DHL,Apparel,19.9,3.0
ORD-2027315,2024-04-14,Nord,UPS,Apparel,14.42,2.2
ORD-2025588,2024-04-14,Nord,GLS,Apparel,109.89,1.5
ORD-2026581,2024-04-14,West,GLS,Food,97.23,3.9
ORD-2025919,2024-04-14,Ost,UPS,Apparel,30.33,2.7
ORD-2024738,2024-04-14,Nord,DPD,Electronics,11.76,2.7
ORD-2027251,2024-04-15,Zentral,GLS,Home,48.3,1.0
ORD-2024803,2024-04-15,Zentral,UPS,Food,10.06,1.2
ORD-2026836,2024-04-15,West,UPS,Home,97.48,1.5
ORD-2025838,2024-04-15,Ost,Hermes,Home,55.56,4.7
ORD-2024065,2024-04-15,West,DPD,Food,48.95,1.5
ORD-2026170,2024-04-15,Zentral,DHL,Electronics,29.37,2.5
ORD-2026845,2024-04-15,Zentral,DHL,Food,52.2,3.0
ORD-2025148,2024-04-15,Zentral,DHL,Home,7.74,2.3
ORD-2028381,2024-04-15,Sued,Hermes,Electronics,53.09,5.2
ORD-2026314,2024-04-15,Sued,UPS,Electronics,10.08,1.6
ORD-2024428,2024-04-15,Nord,Hermes,Food,117.44,4.6
ORD-2028698,2024-04-16,West,GLS,Books,46.45,3.7
ORD-2027972,2024-04-16,Ost,DPD,Apparel,110.86,4.3
ORD-2028465,2024-04-16,Nord,DHL,Books,18.26,3.1
ORD-2026992,2024-04-16,Nord,DHL,Apparel,76.33,2.6
ORD-2024867,2024-04-16,Ost,DHL,Apparel,190.32,4.2
ORD-2027698,2024-04-16,Nord,DHL,Books,119.82,2.7
ORD-2024003,2024-04-16,Sued,GLS,Books,23.63,2.4
ORD-2025992,2024-04-16,West,Hermes,Books,241.44,5.8
ORD-2027352,2024-04-16,Sued,DHL,Food,26.4,4.0
ORD-2026854,2024-04-16,Sued,UPS,Apparel,58.71,1.8
ORD-2026792,2024-04-16,Zentral,Hermes,Electronics,588.37,2.9
ORD-2026146,2024-04-16,Sued,Hermes,Books,63.8,5.6
ORD-2028444,2024-04-16,West,DHL,Apparel,12.43,1.9
ORD-2025554,2024-04-16,West,DPD,Home,31.71,2.8
ORD-2027504,2024-04-17,Ost,Hermes,Food,137.29,4.3
ORD-2026002,2024-04-17,Nord,DHL,Apparel,146.52,2.6
ORD-2026181,2024-04-17,Sued,DHL,Food,61.06,2.6
ORD-2027056,2024-04-17,Ost,Hermes,Apparel,42.7,3.9
ORD-2024414,2024-04-17,Nord,DHL,Home,228.09,1.5
ORD-2027935,2024-04-17,Sued,DPD,Apparel,43.12,4.4
ORD-2028561,2024-04-17,Zentral,UPS,Home,37.27,2.0
ORD-2027966,2024-04-17,Ost,GLS,Apparel,30.5,4.1
ORD-2028337,2024-04-17,Nord,GLS,Food,47.87,1.0
ORD-2024165,2024-04-17,Sued,Hermes,Electronics,35.63,5.6
ORD-2025491,2024-04-17,Ost,DHL,Food,52.2,4.3
ORD-2026231,2024-04-17,West,DPD,Electronics,40.0,4.6
ORD-2026664,2024-04-17,Sued,Hermes,Home,157.5,3.3
ORD-2025475,2024-04-17,Ost,DPD,Electronics,25.79,13.9
ORD-2027277,2024-04-17,Nord,UPS,Home,50.54,1.9
ORD-2025419,2024-04-17,West,DHL,Apparel,9.82,2.9
ORD-2026266,2024-04-18,Sued,DHL,Apparel,19.98,3.0
ORD-2028211,2024-04-18,West,DHL,Electronics,254.2,1.0
ORD-2025331,2024-04-18,West,DHL,Electronics,51.91,2.5
ORD-2028073,2024-04-18,West,GLS,Apparel,18.86,3.3
ORD-2028500,2024-04-18,West,DHL,Books,115.59,2.5
ORD-2028087,2024-04-18,West,GLS,Home,23.96,3.6
ORD-2026548,2024-04-18,Sued,DHL,Apparel,69.51,1.0
ORD-2027759,2024-04-18,Ost,Hermes,Food,48.1,8.2
ORD-2026749,2024-04-18,West,DHL,Apparel,29.26,2.0
ORD-2027004,2024-04-18,Ost,Hermes,Home,133.88,4.2
ORD-2024922,2024-04-18,West,DHL,Electronics,25.05,2.6
ORD-2027228,2024-04-18,Nord,Hermes,Electronics,117.36,2.3
ORD-2027281,2024-04-18,Nord,Hermes,Electronics,42.58,5.4
ORD-2028538,2024-04-18,West,DHL,Books,152.02,2.9
ORD-2024586,2024-04-18,Sued,GLS,Home,50.56,2.3
ORD-2027434,2024-04-18,West,DHL,Books,16.8,2.1
ORD-2027448,2024-04-18,Zentral,Hermes,Food,33.47,1.0
ORD-2028527,2024-04-19,Sued,DHL,Food,55.64,2.4
ORD-2028997,2024-04-19,Nord,DHL,Apparel,10.28,2.7
ORD-2025161,2024-04-19,Zentral,Hermes,Apparel,111.47,1.0
ORD-2026401,2024-04-19,West,DHL,Electronics,22.77,2.5
ORD-2027120,2024-04-19,Sued,GLS,Food,102.22,2.4
ORD-2026121,2024-04-19,Nord,UPS,Apparel,57.65,2.5
ORD-2027155,2024-04-19,Nord,DPD,Apparel,28.08,3.7
ORD-2028775,2024-04-19,Ost,Hermes,Apparel,19.87,4.3
ORD-2028866,2024-04-19,Ost,UPS,Books,28.23,1.9
ORD-2026569,2024-04-20,Zentral,DHL,Electronics,83.3,1.0
ORD-2026709,2024-04-20,West,Hermes,Electronics,41.54,5.1
ORD-2027623,2024-04-20,Ost,DHL,Home,95.33,1.6
ORD-2024896,2024-04-20,West,GLS,Food,26.85,2.6
ORD-2025954,2024-04-20,West,DPD,Apparel,45.65,3.7
ORD-2028409,2024-04-20,Nord,DPD,Home,74.57,3.2
ORD-2024822,2024-04-20,Sued,GLS,Food,99.25,2.9
ORD-2027802,2024-04-20,Nord,DHL,Electronics,102.58,2.2
ORD-2026668,2024-04-20,Zentral,DPD,Apparel,87.96,4.5
ORD-2028173,2024-04-20,West,GLS,Electronics,72.43,1.0
ORD-2025138,2024-04-20,West,DHL,Electronics,35.75,2.4
ORD-2027460,2024-04-20,Zentral,UPS,Apparel,106.03,2.7
ORD-2024928,2024-04-20,Zentral,DPD,Apparel,64.45,2.3
ORD-2024926,2024-04-20,Ost,DPD,Food,7.85,3.2
ORD-2025857,2024-04-20,West,Hermes,Books,104.19,5.3
ORD-2024924,2024-04-20,Ost,DPD,Books,11.75,13.6
ORD-2027846,2024-04-20,Ost,DHL,Books,15.08,1.9
ORD-2025078,2024-04-20,Ost,UPS,Home,21.33,3.5
ORD-2025389,2024-04-20,Zentral,DPD,Home,134.9,3.6
ORD-2026503,2024-04-21,Zentral,DHL,Books,32.83,1.8
ORD-2028091,2024-04-21,West,DHL,Apparel,28.06,4.1
ORD-2024778,2024-04-21,Nord,DPD,Home,150.68,5.2
ORD-2028555,2024-04-21,Zentral,DHL,Electronics,88.17,8.5
ORD-2024287,2024-04-21,Sued,UPS,Apparel,16.98,2.0
ORD-2025284,2024-04-21,Zentral,DHL,Electronics,43.8,2.3
ORD-2028146,2024-04-21,Zentral,DPD,Apparel,109.07,1.3
ORD-2026912,2024-04-21,Zentral,GLS,Books,67.65,4.5
ORD-2024261,2024-04-21,West,DHL,Books,122.29,3.7
ORD-2024947,2024-04-21,Ost,DHL,Home,41.34,3.3
ORD-2026688,2024-04-21,Sued,GLS,Apparel,54.25,3.5
ORD-2027709,2024-04-21,Ost,UPS,Apparel,113.7,2.1
ORD-2028908,2024-04-21,West,UPS,Food,54.65,1.1
ORD-2028262,2024-04-22,Zentral,GLS,Apparel,16.1,3.3
ORD-2024282,2024-04-22,Sued,Hermes,Apparel,75.34,5.3
ORD-2026793,2024-04-22,Ost,DHL,Electronics,14.08,2.6
ORD-2024205,2024-04-22,West,Hermes,Food,51.29,2.1
ORD-2027399,2024-04-22,Nord,DHL,Electronics,138.92,4.4
ORD-2026513,2024-04-22,Ost,DHL,Electronics,32.93,2.6
ORD-2025232,2024-04-22,Zentral,DPD,Apparel,39.45,3.2
ORD-2028033,2024-04-22,Nord,DHL,Food,27.69,2.1
ORD-2027571,2024-04-22,Nord,GLS,Books,137.98,2.5
ORD-2025673,2024-04-22,Ost,DHL,Books,43.82,1.7
ORD-2028877,2024-04-22,Zentral,DHL,Food,43.91,2.8
ORD-2024988,2024-04-22,Zentral,UPS,Food,6.63,2.3
ORD-2025381,2024-04-22,Zentral,UPS,Electronics,22.65,2.3
ORD-2026766,2024-04-22,West,Hermes,Apparel,11.45,4.8
ORD-2027307,2024-04-22,Nord,Hermes,Books,70.9,4.2
ORD-2026615,2024-04-22,Zentral,GLS,Food,71.55,4.0
ORD-2024200,2024-04-22,Sued,DHL,Books,58.01,2.2
ORD-2026761,2024-04-22,Zentral,DHL,Apparel,83.8,3.0
ORD-2024195,2024-04-22,West,DHL,Electronics,94.13,2.9
ORD-2024202,2024-04-22,West,DHL,Food,84.51,2.5
ORD-2024876,2024-04-22,Nord,DHL,Home,49.68,2.4
ORD-2025613,2024-04-23,Zentral,Hermes,Books,6.32,3.6
ORD-2026059,2024-04-23,Zentral,DHL,Home,79.94,1.2
ORD-2026348,2024-04-23,Sued,DHL,Apparel,18.06,2.3
ORD-2024361,2024-04-23,Zentral,DHL,Home,25.1,3.3
ORD-2025233,2024-04-23,Nord,GLS,Food,44.93,4.4
ORD-2026984,2024-04-23,Zentral,DPD,Home,86.75,4.2
ORD-2027546,2024-04-23,Sued,Hermes,Apparel,39.64,4.0
ORD-2028838,2024-04-23,Sued,DHL,Home,6.76,1.0
ORD-2026609,2024-04-23,Zentral,GLS,Food,64.96,3.0
ORD-2024534,2024-04-23,West,DHL,Books,35.85,3.2
ORD-2028255,2024-04-23,West,DHL,Apparel,39.43,2.4
ORD-2028463,2024-04-23,Ost,GLS,Books,86.66,2.1
ORD-2028047,2024-04-23,Sued,UPS,Apparel,24.38,2.5
ORD-2026327,2024-04-24,Ost,DHL,Food,42.45,2.1
ORD-2025114,2024-04-24,Zentral,Hermes,Books,34.7,19.0
ORD-2027094,2024-04-24,West,DHL,Home,44.79,2.6
ORD-2024530,2024-04-24,Zentral,Hermes,Books,287.91,2.5
ORD-2025619,2024-04-24,West,DHL,Electronics,46.22,2.1
ORD-2028572,2024-04-24,Sued,DHL,Electronics,261.92,2.7
ORD-2025316,2024-04-24,Zentral,DPD,Books,15.9,1.7
ORD-2024280,2024-04-25,Sued,DPD,Home,48.01,1.0
ORD-2028941,2024-04-25,West,DHL,Home,108.36,2.9
ORD-2028671,2024-04-25,Sued,UPS,Apparel,48.56,2.8
ORD-2028109,2024-04-25,Sued,UPS,Electronics,47.37,3.0
ORD-2026765,2024-04-25,Sued,DHL,Home,50.07,3.1
ORD-2026942,2024-04-25,Ost,DPD,Electronics,25.8,3.9
ORD-2028086,2024-04-25,Zentral,DPD,Electronics,131.06,1.9
ORD-2025828,2024-04-25,Ost,UPS,Electronics,81.47,2.7
ORD-2028041,2024-04-25,Nord,DHL,Books,104.42,4.1
ORD-2024345,2024-04-25,Sued,DHL,Food,38.33,3.1
ORD-2028052,2024-04-25,Ost,DHL,Home,37.26,2.9
ORD-2024177,2024-04-25,West,DHL,Electronics,124.82,2.9
ORD-2026304,2024-04-25,West,DPD,Food,31.78,3.5
ORD-2027531,2024-04-25,West,Hermes,Home,36.34,16.6
ORD-2026463,2024-04-25,West,DPD,Home,40.9,3.0
ORD-2027395,2024-04-25,West,DHL,Books,34.8,2.6
ORD-2025349,2024-04-26,Sued,UPS,Apparel,37.05,2.6
ORD-2025461,2024-04-26,Zentral,GLS,Home,292.06,4.7
ORD-2024439,2024-04-26,West,DHL,Food,55.18,2.4
ORD-2026887,2024-04-26,Ost,DHL,Apparel,94.37,1.6
ORD-2024653,2024-04-26,West,DHL,Food,53.36,3.1
ORD-2027085,2024-04-26,West,DHL,Food,43.73,8.5
ORD-2026149,2024-04-26,Sued,DPD,Books,224.05,3.0
ORD-2026407,2024-04-26,Sued,DPD,Apparel,18.86,1.7
ORD-2028029,2024-04-26,West,UPS,Electronics,37.33,2.3
ORD-2028631,2024-04-26,Sued,DHL,Apparel,9.25,2.8
ORD-2025172,2024-04-26,West,DHL,Home,237.2,2.1
ORD-2025921,2024-04-26,Sued,Hermes,Apparel,51.03,1.9
ORD-2026129,2024-04-26,West,Hermes,Apparel,15.24,4.8
ORD-2026753,2024-04-26,Ost,DHL,Home,27.56,2.3
ORD-2026498,2024-04-26,West,DHL,Books,29.21,2.3
ORD-2025787,2024-04-26,Sued,DHL,Books,161.02,3.8
ORD-2027329,2024-04-26,Nord,UPS,Apparel,162.73,2.0
ORD-2027484,2024-04-26,Sued,DHL,Home,55.46,2.9
ORD-2026198,2024-04-27,West,DPD,Food,14.85,2.0
ORD-2025095,2024-04-27,Ost,DHL,Electronics,5.91,1.5
ORD-2025974,2024-04-27,Sued,DPD,Apparel,54.76,4.5
ORD-2024451,2024-04-27,Zentral,DPD,Apparel,127.1,2.4
ORD-2027630,2024-04-27,West,DHL,Food,44.31,2.9
ORD-2024769,2024-04-27,West,Hermes,Electronics,57.77,4.9
ORD-2025207,2024-04-27,Nord,DHL,Home,15.13,2.4
ORD-2027784,2024-04-27,Ost,DHL,Food,44.26,3.1
ORD-2027322,2024-04-27,West,Hermes,Home,18.13,1.0
ORD-2028585,2024-04-27,Ost,DHL,Books,31.45,2.5
ORD-2024982,2024-04-27,Ost,Hermes,Apparel,38.66,2.6
ORD-2026771,2024-04-27,Ost,DHL,Home,33.48,2.0
ORD-2028542,2024-04-27,West,GLS,Home,37.87,3.7
ORD-2028274,2024-04-27,Sued,Hermes,Apparel,10.84,3.3
ORD-2027374,2024-04-27,Zentral,Hermes,Food,48.82,3.1
ORD-2028914,2024-04-27,Nord,GLS,Electronics,6.74,4.1
ORD-2026329,2024-04-27,Ost,Hermes,Apparel,22.26,4.5
ORD-2026796,2024-04-27,Nord,GLS,Electronics,54.59,1.0
ORD-2024971,2024-04-27,Sued,Hermes,Apparel,82.99,3.9
ORD-2028645,2024-04-27,Nord,Hermes,Apparel,79.29,4.0
ORD-2026659,2024-04-27,Zentral,DPD,Home,14.18,1.6
ORD-2026584,2024-04-28,Sued,DPD,Apparel,43.2,1.2
ORD-2024905,2024-04-28,Sued,DPD,Apparel,41.42,2.1
ORD-2026726,2024-04-28,Nord,DHL,Apparel,34.93,1.5
ORD-2026619,2024-04-28,Nord,DHL,Apparel,89.51,3.4
ORD-2028960,2024-04-28,Sued,DPD,Apparel,44.52,4.4
ORD-2025295,2024-04-28,Ost,DPD,Books,18.61,4.5
ORD-2026011,2024-04-28,Nord,DHL,Home,77.08,3.1
ORD-2027668,2024-04-28,Ost,DHL,Apparel,148.88,3.5
ORD-2026057,2024-04-28,Ost,DPD,Home,12.12,4.1
ORD-2028969,2024-04-28,Zentral,DHL,Apparel,69.25,3.6
ORD-2027869,2024-04-28,Ost,DHL,Books,44.86,2.2
ORD-2027816,2024-04-28,Sued,DPD,Books,105.74,3.9
ORD-2026234,2024-04-28,Sued,Hermes,Home,148.59,4.4
ORD-2025883,2024-04-28,Sued,DHL,Apparel,24.44,1.4
ORD-2024721,2024-04-28,West,DHL,Food,32.02,2.9
ORD-2024278,2024-04-29,Sued,GLS,Apparel,47.93,2.1
ORD-2025703,2024-04-29,West,DHL,Home,65.47,3.8
ORD-2027716,2024-04-29,Zentral,DPD,Electronics,132.47,3.0
ORD-2027157,2024-04-29,Sued,Hermes,Apparel,51.63,2.9
ORD-2027133,2024-04-29,West,GLS,Food,43.09,4.4
ORD-2025997,2024-04-29,Nord,DPD,Home,64.17,2.1
ORD-2026842,2024-04-29,West,DPD,Electronics,37.28,1.0
ORD-2027627,2024-04-29,Ost,DPD,Home,296.48,5.0
ORD-2025271,2024-04-29,Ost,GLS,Home,74.39,3.7
ORD-2025310,2024-04-29,Nord,DHL,Books,74.73,3.0
ORD-2026517,2024-04-29,Zentral,DHL,Home,238.63,2.0
ORD-2024432,2024-04-29,Sued,Hermes,Food,12.71,4.4
ORD-2025581,2024-04-29,West,DHL,Books,118.55,1.6
ORD-2028638,2024-04-29,Ost,DHL,Electronics,102.01,2.8
ORD-2028799,2024-04-29,Ost,GLS,Apparel,97.98,2.9
ORD-2025991,2024-04-30,Nord,GLS,Electronics,25.41,3.3
ORD-2024176,2024-04-30,Nord,GLS,Apparel,14.99,3.1
ORD-2026206,2024-04-30,Zentral,DHL,Apparel,197.7,2.5
ORD-2027131,2024-04-30,West,DHL,Electronics,98.58,4.0
ORD-2027696,2024-04-30,Nord,DPD,Home,53.16,4.6
ORD-2024862,2024-04-30,Sued,DHL,Food,61.68,3.7
ORD-2026698,2024-04-30,West,DHL,Home,28.44,2.7
ORD-2026335,2024-04-30,West,DHL,Apparel,55.95,2.6
ORD-2028491,2024-04-30,Ost,DHL,Food,11.71,3.2
ORD-2026316,2024-04-30,Nord,Hermes,Electronics,13.82,2.5
ORD-2027918,2024-05-01,Sued,DHL,Home,11.46,2.5
ORD-2024591,2024-05-01,West,UPS,Books,57.7,1.9
ORD-2024688,2024-05-01,Zentral,Hermes,Apparel,166.13,6.6
ORD-2024445,2024-05-01,Ost,DHL,Electronics,8.8,10.3
ORD-2025876,2024-05-01,West,GLS,Books,52.7,17.3
ORD-2025836,2024-05-01,Sued,DHL,Electronics,15.14,2.2
ORD-2024839,2024-05-01,Sued,GLS,Home,33.51,2.1
ORD-2028697,2024-05-01,Ost,Hermes,Home,17.29,7.5
ORD-2024611,2024-05-01,West,DHL,Home,40.09,2.9
ORD-2028570,2024-05-01,Zentral,DPD,Apparel,75.52,4.9
ORD-2024008,2024-05-01,Nord,GLS,Electronics,7.25,3.5
ORD-2025364,2024-05-01,Nord,GLS,Electronics,38.0,4.0
ORD-2026616,2024-05-01,West,DHL,Food,28.79,2.2
ORD-2027418,2024-05-01,Ost,DHL,Home,30.16,3.7
ORD-2027356,2024-05-01,Ost,DPD,Home,63.91,2.8
ORD-2025092,2024-05-02,Sued,Hermes,Apparel,69.86,3.0
ORD-2025590,2024-05-02,Zentral,DHL,Electronics,18.79,2.9
ORD-2027610,2024-05-02,Zentral,Hermes,Books,36.72,6.1
ORD-2028459,2024-05-02,Sued,DHL,Home,119.31,3.2
ORD-2028175,2024-05-02,Zentral,DHL,Electronics,26.09,2.0
ORD-2024224,2024-05-02,Ost,DHL,Electronics,97.9,1.9
ORD-2028682,2024-05-02,West,DHL,Home,74.74,2.3
ORD-2025842,2024-05-02,West,DHL,Books,33.76,2.3
ORD-2026150,2024-05-03,Nord,Hermes,Books,102.56,3.3
ORD-2028261,2024-05-03,Nord,UPS,Electronics,30.35,3.3
ORD-2026608,2024-05-03,Nord,DHL,Food,80.49,3.5
ORD-2027130,2024-05-03,Zentral,GLS,Apparel,18.71,4.2
ORD-2025602,2024-05-03,West,DHL,Electronics,172.63,1.6
ORD-2028324,2024-05-03,Nord,Hermes,Apparel,24.44,3.4
ORD-2024427,2024-05-03,Sued,Hermes,Home,75.08,4.3
ORD-2026459,2024-05-03,Ost,Hermes,Home,286.31,2.7
ORD-2027864,2024-05-03,West,Hermes,Electronics,39.68,3.9
ORD-2024235,2024-05-03,Nord,DHL,Electronics,33.75,3.1
ORD-2027422,2024-05-03,Ost,DPD,Electronics,93.16,3.1
ORD-2026782,2024-05-03,West,DPD,Apparel,40.63,3.3
ORD-2028707,2024-05-03,West,DHL,Apparel,40.55,1.4
ORD-2027070,2024-05-03,Ost,DHL,Electronics,38.05,2.0
ORD-2027415,2024-05-04,Nord,DPD,Apparel,55.07,2.6
ORD-2027969,2024-05-04,Nord,DPD,Electronics,158.02,3.4
ORD-2027459,2024-05-04,Nord,DHL,Electronics,30.24,2.0
ORD-2025060,2024-05-04,Ost,DHL,Apparel,23.86,1.7
ORD-2027154,2024-05-04,Ost,DHL,Home,47.67,3.1
ORD-2027419,2024-05-04,Nord,DPD,Food,97.26,1.0
ORD-2026253,2024-05-04,Zentral,DHL,Apparel,135.81,1.5
ORD-2025931,2024-05-04,Ost,DHL,Home,57.98,2.7
ORD-2026918,2024-05-04,Ost,DHL,Electronics,51.3,2.4
ORD-2026207,2024-05-04,West,GLS,Home,59.58,3.1
ORD-2024399,2024-05-04,Sued,DPD,Food,25.09,3.9
ORD-2028849,2024-05-04,Zentral,Hermes,Home,56.15,1.1
ORD-2028264,2024-05-05,Sued,DPD,Apparel,62.66,5.1
ORD-2026039,2024-05-05,West,DHL,Electronics,16.14,3.2
ORD-2024912,2024-05-05,Sued,UPS,Food,87.63,2.3
ORD-2026027,2024-05-05,Zentral,UPS,Electronics,26.72,4.2
ORD-2024213,2024-05-05,Ost,DHL,Home,45.74,3.2
ORD-2026815,2024-05-05,West,GLS,Electronics,73.48,2.0
ORD-2026626,2024-05-05,Nord,DHL,Home,18.78,1.5
ORD-2028568,2024-05-05,Sued,DHL,Electronics,15.4,1.5
ORD-2024638,2024-05-05,Ost,DHL,Home,84.72,1.9
ORD-2024450,2024-05-05,Zentral,DHL,Food,65.08,1.0
ORD-2027389,2024-05-05,West,UPS,Books,16.07,2.7
ORD-2028990,2024-05-05,Ost,Hermes,Apparel,39.9,1.3
ORD-2024643,2024-05-05,Zentral,GLS,Home,207.15,2.2
ORD-2027839,2024-05-05,West,DHL,Home,144.66,2.1
ORD-2027433,2024-05-05,Sued,DHL,Apparel,93.53,2.5
ORD-2024818,2024-05-05,Ost,GLS,Apparel,79.06,2.8
ORD-2027555,2024-05-05,Nord,Hermes,Food,15.27,7.4
ORD-2028193,2024-05-05,Ost,GLS,Electronics,166.7,2.1
ORD-2027673,2024-05-06,Ost,Hermes,Apparel,315.6,5.6
ORD-2027302,2024-05-06,Sued,Hermes,Home,60.33,4.5
ORD-2027158,2024-05-06,West,GLS,Books,37.39,2.5
ORD-2027272,2024-05-06,West,DPD,Apparel,240.8,4.5
ORD-2024442,2024-05-06,Sued,DHL,Home,8.3,3.7
ORD-2027588,2024-05-06,Ost,Hermes,Electronics,19.51,1.9
ORD-2024882,2024-05-06,Ost,Hermes,Books,45.49,4.1
ORD-2024365,2024-05-06,Zentral,UPS,Electronics,33.51,2.1
ORD-2025147,2024-05-06,Sued,DHL,Electronics,18.97,2.6
ORD-2028393,2024-05-06,Zentral,Hermes,Electronics,62.05,3.7
ORD-2028583,2024-05-06,Sued,Hermes,Food,20.59,5.3
ORD-2026864,2024-05-06,Ost,DHL,Electronics,61.73,1.7
ORD-2027346,2024-05-06,West,Hermes,Apparel,104.98,2.3
ORD-2025865,2024-05-06,Zentral,Hermes,Home,55.1,5.3
ORD-2028430,2024-05-06,West,DHL,Home,18.04,3.1
ORD-2027586,2024-05-07,Zentral,DHL,Apparel,32.74,3.7
ORD-2028939,2024-05-07,Nord,DHL,Apparel,105.03,4.0
ORD-2025338,2024-05-07,Sued,DHL,Apparel,129.79,1.8
ORD-2024170,2024-05-07,Zentral,DHL,Apparel,203.23,4.0
ORD-2024248,2024-05-07,Nord,DHL,Apparel,78.02,3.5
ORD-2028292,2024-05-07,Zentral,GLS,Electronics,99.74,1.6
ORD-2025313,2024-05-07,Nord,DHL,Food,96.28,2.5
ORD-2028220,2024-05-07,Sued,DPD,Electronics,50.15,2.5
ORD-2024304,2024-05-07,Zentral,UPS,Apparel,90.31,2.6
ORD-2026666,2024-05-07,West,DHL,Books,34.45,1.2
ORD-2024351,2024-05-07,Zentral,DPD,Food,23.86,4.0
ORD-2027014,2024-05-07,Nord,Hermes,Apparel,31.39,2.7
ORD-2026414,2024-05-07,West,DHL,Apparel,46.82,2.2
ORD-2028607,2024-05-07,West,DHL,Apparel,18.57,1.5
ORD-2025184,2024-05-07,Ost,DHL,Electronics,230.43,1.6
ORD-2027074,2024-05-07,Zentral,DHL,Electronics,46.25,1.8
ORD-2026818,2024-05-08,Nord,DHL,Electronics,26.89,2.6
ORD-2024099,2024-05-08,Sued,DHL,Home,81.91,2.7
ORD-2024252,2024-05-08,West,Hermes,Home,88.02,4.1
ORD-2024443,2024-05-08,Ost,DPD,Apparel,88.75,1.5
ORD-2025409,2024-05-08,Sued,DPD,Apparel,33.64,2.5
ORD-2026518,2024-05-08,Ost,DPD,Home,57.95,3.1
ORD-2028772,2024-05-08,Nord,Hermes,Apparel,27.5,2.8
ORD-2026103,2024-05-08,Zentral,DPD,Electronics,202.19,3.4
ORD-2026674,2024-05-08,Ost,DHL,Home,113.4,1.0
ORD-2026046,2024-05-08,Nord,DHL,Food,34.67,1.5
ORD-2027002,2024-05-08,West,UPS,Home,57.69,2.6
ORD-2028506,2024-05-08,Zentral,Hermes,Home,52.3,5.9
ORD-2028022,2024-05-08,Sued,DPD,Apparel,38.62,1.4
ORD-2026988,2024-05-08,West,DHL,Books,88.5,3.7
ORD-2028487,2024-05-08,Zentral,GLS,Apparel,12.26,5.5
ORD-2025367,2024-05-09,Ost,DHL,Electronics,91.05,2.0
ORD-2026434,2024-05-09,Zentral,DPD,Apparel,39.01,3.7
ORD-2025958,2024-05-09,West,DHL,Home,32.19,1.6
ORD-2026295,2024-05-09,Ost,Hermes,Electronics,38.09,1.8
ORD-2025112,2024-05-09,West,GLS,Food,46.26,2.8
ORD-2026427,2024-05-09,Zentral,Hermes,Books,51.09,4.4
ORD-2026280,2024-05-09,Nord,DPD,Apparel,61.95,5.5
ORD-2024207,2024-05-09,Zentral,DHL,Electronics,12.68,3.5
ORD-2025731,2024-05-09,Ost,DHL,Apparel,41.43,2.0
ORD-2025009,2024-05-09,Sued,Hermes,Apparel,67.27,3.2
ORD-2026005,2024-05-09,Ost,Hermes,Home,57.85,6.5
ORD-2026387,2024-05-09,Zentral,Hermes,Food,67.74,3.6
ORD-2024214,2024-05-09,Ost,DHL,Books,24.72,1.1
ORD-2026519,2024-05-09,Sued,GLS,Books,25.12,2.8
ORD-2025241,2024-05-10,Zentral,Hermes,Books,71.38,5.7
ORD-2027035,2024-05-10,Ost,DPD,Apparel,42.52,1.6
ORD-2024041,2024-05-10,Sued,DHL,Books,79.58,3.7
ORD-2027018,2024-05-10,West,GLS,Electronics,22.24,3.1
ORD-2024275,2024-05-10,Nord,DHL,Electronics,22.01,3.3
ORD-2026879,2024-05-10,Sued,DHL,Books,191.79,3.8
ORD-2024126,2024-05-10,Ost,Hermes,Books,35.84,3.1
ORD-2025933,2024-05-10,Zentral,DHL,Home,351.83,1.0
ORD-2025479,2024-05-10,West,DHL,Apparel,20.8,1.4
ORD-2025897,2024-05-10,Nord,DHL,Food,170.9,2.9
ORD-2028918,2024-05-10,West,GLS,Home,11.19,3.2
ORD-2025417,2024-05-10,Nord,DPD,Electronics,153.22,2.6
ORD-2024015,2024-05-10,West,DHL,Electronics,57.48,2.0
ORD-2026175,2024-05-11,Zentral,DHL,Home,83.49,2.7
ORD-2024625,2024-05-11,West,DHL,Electronics,23.85,1.0
ORD-2026710,2024-05-11,West,DHL,Home,220.03,1.9
ORD-2027201,2024-05-11,West,DPD,Food,99.62,2.7
ORD-2026708,2024-05-11,Ost,DHL,Apparel,69.24,2.6
ORD-2025048,2024-05-11,West,DHL,Apparel,40.63,3.3
ORD-2028081,2024-05-11,Ost,DPD,Apparel,139.68,2.7
ORD-2028395,2024-05-11,Nord,GLS,Books,121.89,2.6
ORD-2026095,2024-05-11,Nord,Hermes,Electronics,25.27,4.5
ORD-2028694,2024-05-11,West,DHL,Books,30.77,2.9
ORD-2027856,2024-05-11,West,DPD,Books,47.3,1.5
ORD-2025237,2024-05-11,Ost,DHL,Books,31.68,1.7
ORD-2024592,2024-05-12,West,DHL,Home,300.49,3.3
ORD-2025144,2024-05-12,West,Hermes,Apparel,18.83,14.2
ORD-2028890,2024-05-12,Nord,GLS,Apparel,21.24,3.0
ORD-2026134,2024-05-12,Nord,DPD,Home,51.67,4.0
ORD-2027023,2024-05-12,Nord,GLS,Home,143.56,1.6
ORD-2028080,2024-05-12,Sued,UPS,Home,79.72,2.3
ORD-2028495,2024-05-12,Zentral,DHL,Home,334.79,2.1
ORD-2024744,2024-05-12,Nord,DHL,Books,53.32,2.0
ORD-2025983,2024-05-12,West,Hermes,Apparel,33.57,1.0
ORD-2027870,2024-05-12,Sued,UPS,Books,43.56,2.2
ORD-2026473,2024-05-12,Nord,GLS,Electronics,81.1,1.0
ORD-2026551,2024-05-12,Ost,DHL,Books,50.91,2.0
ORD-2024980,2024-05-12,West,DPD,Apparel,42.31,3.0
ORD-2024806,2024-05-12,Ost,DPD,Apparel,214.94,2.9
ORD-2024849,2024-05-12,West,DHL,Electronics,10.9,1.8
ORD-2025651,2024-05-12,Zentral,Hermes,Home,158.05,1.0
ORD-2025355,2024-05-13,West,DHL,Food,77.65,2.8
ORD-2027027,2024-05-13,Sued,DHL,Books,109.58,3.3
ORD-2024970,2024-05-13,Ost,DHL,Electronics,26.61,3.0
ORD-2025073,2024-05-13,Sued,Hermes,Home,24.58,3.5
ORD-2024654,2024-05-13,West,UPS,Apparel,7.85,1.5
ORD-2025127,2024-05-13,West,DHL,Books,41.51,3.3
ORD-2026378,2024-05-13,West,DHL,Books,72.54,3.3
ORD-2027096,2024-05-13,Ost,UPS,Electronics,249.08,2.2
ORD-2028343,2024-05-13,Sued,DPD,Apparel,76.16,1.4
ORD-2025717,2024-05-13,Zentral,DHL,Apparel,31.19,2.7
ORD-2027426,2024-05-13,Ost,UPS,Home,130.09,2.5
ORD-2028560,2024-05-13,Ost,UPS,Home,56.8,1.3
ORD-2024162,2024-05-13,Zentral,UPS,Food,52.44,3.1
ORD-2027831,2024-05-13,Sued,DHL,Food,142.45,2.6
ORD-2028480,2024-05-14,West,UPS,Electronics,27.89,2.3
ORD-2024043,2024-05-14,Ost,DHL,Apparel,30.43,3.1
ORD-2024302,2024-05-14,Zentral,Hermes,Food,52.76,4.3
ORD-2027844,2024-05-14,West,Hermes,Food,44.61,3.5
ORD-2024110,2024-05-14,West,Hermes,Home,111.44,2.3
ORD-2026630,2024-05-14,Sued,DHL,Apparel,44.59,1.7
ORD-2027574,2024-05-14,Zentral,Hermes,Books,43.1,4.1
ORD-2028661,2024-05-15,Sued,GLS,Home,67.63,4.0
ORD-2026168,2024-05-15,West,DHL,Apparel,79.4,1.8
ORD-2026273,2024-05-15,Zentral,DHL,Books,55.36,3.8
ORD-2024617,2024-05-15,Nord,Hermes,Food,114.0,2.6
ORD-2024692,2024-05-15,Sued,DHL,Apparel,14.41,1.3
ORD-2025105,2024-05-15,Zentral,DHL,Home,31.58,1.4
ORD-2026669,2024-05-15,West,DPD,Food,60.65,4.9
ORD-2027242,2024-05-15,West,DHL,Home,51.66,2.3
ORD-2024100,2024-05-15,Nord,DHL,Home,72.13,2.4
ORD-2028711,2024-05-15,West,DPD,Home,60.01,2.4
ORD-2027584,2024-05-15,West,GLS,Home,96.52,4.0
ORD-2026320,2024-05-15,Ost,DHL,Apparel,36.93,2.8
ORD-2026062,2024-05-15,Sued,Hermes,Electronics,114.54,7.7
ORD-2027225,2024-05-15,Sued,Hermes,Apparel,58.29,1.8
ORD-2026573,2024-05-15,Nord,Hermes,Books,84.92,5.1
ORD-2028451,2024-05-16,West,UPS,Apparel,56.63,2.7
ORD-2025592,2024-05-16,Ost,Hermes,Home,51.37,3.2
ORD-2028589,2024-05-16,West,Hermes,Home,112.48,3.3
ORD-2026785,2024-05-16,Nord,UPS,Home,97.59,2.2
ORD-2025463,2024-05-16,Sued,UPS,Electronics,92.56,2.8
ORD-2027754,2024-05-16,Zentral,DHL,Home,28.13,2.1
ORD-2025025,2024-05-16,Zentral,Hermes,Electronics,167.64,2.5
ORD-2024956,2024-05-16,Sued,Hermes,Food,59.41,4.6
ORD-2027700,2024-05-16,Sued,Hermes,Books,11.92,3.4
ORD-2025169,2024-05-16,West,GLS,Home,35.79,4.4
ORD-2028536,2024-05-16,Ost,DHL,Books,38.12,3.3
ORD-2026998,2024-05-16,Zentral,UPS,Apparel,71.74,2.1
ORD-2027994,2024-05-16,West,DPD,Food,46.27,3.5
ORD-2028374,2024-05-16,Sued,GLS,Home,27.2,2.9
ORD-2024182,2024-05-16,Sued,Hermes,Home,70.73,2.3
ORD-2026789,2024-05-17,Sued,DHL,Books,44.56,1.6
ORD-2026925,2024-05-17,Sued,GLS,Home,13.61,14.9
ORD-2028125,2024-05-17,West,GLS,Food,61.28,4.5
ORD-2025005,2024-05-17,Nord,Hermes,Apparel,59.66,3.3
ORD-2024808,2024-05-17,Zentral,GLS,Electronics,40.49,2.9
ORD-2028377,2024-05-17,Ost,UPS,Electronics,56.64,3.3
ORD-2026241,2024-05-17,Sued,DHL,Home,225.08,2.1
ORD-2027786,2024-05-17,Sued,Hermes,Apparel,49.1,6.8
ORD-2028571,2024-05-17,West,DPD,Home,35.92,1.5
ORD-2028752,2024-05-17,Ost,GLS,Electronics,83.55,5.4
ORD-2027800,2024-05-17,Sued,DHL,Electronics,24.11,2.0
ORD-2026567,2024-05-17,West,GLS,Electronics,46.99,3.1
ORD-2026481,2024-05-17,West,UPS,Home,67.71,2.2
ORD-2028850,2024-05-17,Sued,Hermes,Apparel,22.56,1.0
ORD-2028427,2024-05-17,Sued,DHL,Electronics,66.36,2.5
ORD-2027454,2024-05-18,Nord,GLS,Food,30.56,6.4
ORD-2026557,2024-05-18,West,GLS,Home,49.86,4.5
ORD-2027462,2024-05-18,West,GLS,Home,27.47,1.0
ORD-2028167,2024-05-18,West,DHL,Electronics,57.73,2.8
ORD-2024102,2024-05-18,Zentral,GLS,Books,86.28,2.5
ORD-2028067,2024-05-18,Nord,Hermes,Home,91.98,5.2
ORD-2028865,2024-05-18,Zentral,DHL,Electronics,35.62,2.0
ORD-2027957,2024-05-18,Sued,DHL,Electronics,36.2,4.1
ORD-2028473,2024-05-18,Sued,UPS,Food,51.08,2.1
ORD-2024997,2024-05-18,Sued,UPS,Food,72.49,2.6
ORD-2027695,2024-05-18,Ost,DHL,Electronics,37.23,1.1
ORD-2028652,2024-05-18,Sued,DHL,Electronics,71.56,1.9
ORD-2027057,2024-05-18,Sued,GLS,Books,53.79,4.7
ORD-2028508,2024-05-19,Nord,UPS,Apparel,32.11,9.2
ORD-2028268,2024-05-19,Zentral,DPD,Apparel,40.61,1.3
ORD-2024266,2024-05-19,Sued,GLS,Food,37.09,3.8
ORD-2027490,2024-05-19,West,Hermes,Books,123.98,2.8
ORD-2026590,2024-05-19,Zentral,DHL,Apparel,120.45,2.0
ORD-2028820,2024-05-19,Sued,DHL,Electronics,24.47,1.4
ORD-2027733,2024-05-19,Sued,DHL,Home,33.14,2.7
ORD-2024989,2024-05-19,West,DPD,Electronics,47.9,3.6
ORD-2025529,2024-05-19,Sued,DHL,Apparel,26.48,4.2
ORD-2026406,2024-05-20,Ost,DPD,Apparel,30.89,3.1
ORD-2025216,2024-05-20,Sued,DHL,Apparel,236.1,2.7
ORD-2028199,2024-05-20,Zentral,DHL,Apparel,61.29,1.8
ORD-2024607,2024-05-20,Nord,DHL,Home,64.54,2.7
ORD-2025499,2024-05-20,West,GLS,Food,39.78,2.9
ORD-2028285,2024-05-20,West,Hermes,Apparel,24.47,5.1
ORD-2025135,2024-05-20,West,GLS,Apparel,90.58,1.9
ORD-2027705,2024-05-20,Ost,UPS,Food,25.57,1.4
ORD-2028597,2024-05-20,West,DHL,Apparel,86.04,3.7
ORD-2024640,2024-05-20,Zentral,DHL,Food,18.1,1.1
ORD-2026197,2024-05-20,Sued,GLS,Books,109.8,2.1
ORD-2026417,2024-05-20,Nord,GLS,Electronics,77.71,13.1
ORD-2027237,2024-05-20,Zentral,DHL,Food,52.87,2.8
ORD-2027582,2024-05-20,Zentral,Hermes,Electronics,27.09,2.3
ORD-2028013,2024-05-20,Sued,DPD,Apparel,73.2,3.4
ORD-2027978,2024-05-20,Nord,DHL,Electronics,5.51,2.6
ORD-2028552,2024-05-20,Zentral,DHL,Apparel,101.42,3.7
ORD-2026158,2024-05-20,West,UPS,Home,51.37,1.8
ORD-2027103,2024-05-21,West,DPD,Electronics,5.45,4.0
ORD-2026073,2024-05-21,Zentral,GLS,Home,82.68,3.8
ORD-2027087,2024-05-21,Ost,DHL,Books,8.11,2.3
ORD-2024993,2024-05-21,Zentral,DHL,Apparel,36.45,2.9
ORD-2026872,2024-05-21,Sued,DHL,Apparel,52.32,2.3
ORD-2026345,2024-05-21,Ost,UPS,Apparel,17.45,3.0
ORD-2027231,2024-05-21,Zentral,DPD,Electronics,25.35,3.8
ORD-2025519,2024-05-21,Nord,DHL,Food,91.15,2.8
ORD-2027142,2024-05-21,West,DHL,Home,62.07,3.8
ORD-2024386,2024-05-21,Zentral,Hermes,Electronics,22.92,1.0
ORD-2028907,2024-05-21,Sued,DPD,Electronics,39.2,2.6
ORD-2025064,2024-05-22,Ost,DHL,Apparel,18.55,3.1
ORD-2026238,2024-05-22,Sued,Hermes,Apparel,26.78,5.5
ORD-2028901,2024-05-22,Sued,UPS,Electronics,49.95,1.8
ORD-2025447,2024-05-22,Sued,DPD,Apparel,92.92,3.5
ORD-2024676,2024-05-22,Nord,UPS,Electronics,82.19,2.6
ORD-2026112,2024-05-22,Nord,GLS,Books,117.94,1.7
ORD-2024387,2024-05-22,Ost,DHL,Electronics,13.05,1.7
ORD-2028829,2024-05-22,Ost,DHL,Electronics,68.86,1.0
ORD-2027874,2024-05-22,Nord,UPS,Electronics,48.0,2.1
ORD-2026108,2024-05-22,Sued,Hermes,Food,30.15,1.7
ORD-2025837,2024-05-22,Sued,UPS,Home,63.33,3.3
ORD-2026363,2024-05-22,Sued,DHL,Food,60.21,1.8
ORD-2027311,2024-05-22,Sued,DHL,Home,68.7,3.3
ORD-2026937,2024-05-22,Zentral,DHL,Home,69.59,2.3
ORD-2024147,2024-05-22,Nord,GLS,Books,43.92,15.1
ORD-2026869,2024-05-22,Zentral,Hermes,Apparel,75.08,3.5
ORD-2027080,2024-05-22,Nord,DHL,Home,49.8,1.9
ORD-2026672,2024-05-23,Sued,GLS,Food,32.97,3.9
ORD-2026169,2024-05-23,Sued,UPS,Electronics,22.16,2.1
ORD-2024680,2024-05-23,West,DHL,Apparel,34.05,1.9
ORD-2024464,2024-05-23,Ost,DHL,Apparel,80.51,1.8
ORD-2024577,2024-05-23,Ost,Hermes,Home,138.19,5.9
ORD-2028633,2024-05-23,West,DHL,Home,24.76,3.2
ORD-2024583,2024-05-23,Ost,UPS,Electronics,48.33,1.4
ORD-2025225,2024-05-23,Zentral,Hermes,Electronics,75.11,3.1
ORD-2024232,2024-05-23,West,GLS,Electronics,101.16,2.2
ORD-2024259,2024-05-23,West,DPD,Books,40.63,2.9
ORD-2028942,2024-05-23,Nord,DHL,Home,19.37,2.9
ORD-2026917,2024-05-23,Zentral,DPD,Electronics,230.41,3.7
ORD-2026322,2024-05-23,Nord,DPD,Books,37.37,14.5
ORD-2024425,2024-05-23,Nord,GLS,Apparel,33.64,3.0
ORD-2027617,2024-05-23,Nord,Hermes,Apparel,43.43,1.3
ORD-2026060,2024-05-24,Sued,GLS,Electronics,24.32,1.0
ORD-2025761,2024-05-24,Nord,UPS,Books,51.99,2.6
ORD-2027478,2024-05-24,Sued,GLS,Home,25.03,4.3
ORD-2024431,2024-05-24,West,DPD,Books,26.76,4.6
ORD-2025066,2024-05-24,Sued,DHL,Electronics,176.44,1.9
ORD-2024702,2024-05-24,Nord,DHL,Food,40.71,1.9
ORD-2024915,2024-05-24,West,DHL,Food,43.77,2.9
ORD-2028386,2024-05-24,West,GLS,Electronics,285.26,5.3
ORD-2025961,2024-05-24,Sued,DHL,Books,35.39,2.5
ORD-2024752,2024-05-24,Zentral,DPD,Electronics,185.18,4.9
ORD-2026319,2024-05-24,Zentral,GLS,Food,34.01,2.6
ORD-2025575,2024-05-24,Zentral,DHL,Electronics,73.91,2.2
ORD-2027614,2024-05-24,Ost,DHL,Apparel,105.11,1.0
ORD-2024621,2024-05-24,Nord,DHL,Books,214.34,2.0
ORD-2024923,2024-05-25,Nord,GLS,Electronics,159.54,2.2
ORD-2026225,2024-05-25,Sued,DPD,Electronics,31.66,2.4
ORD-2026421,2024-05-25,West,GLS,Books,108.77,3.3
ORD-2026250,2024-05-25,Nord,DPD,Home,130.19,1.5
ORD-2026172,2024-05-25,Zentral,DPD,Apparel,30.49,2.8
ORD-2025522,2024-05-25,Ost,Hermes,Electronics,48.47,3.1
ORD-2027299,2024-05-25,Zentral,UPS,Books,145.07,2.1
ORD-2028657,2024-05-25,Sued,DHL,Home,110.04,12.7
ORD-2028762,2024-05-25,West,UPS,Electronics,44.07,3.0
ORD-2027743,2024-05-25,Nord,DPD,Books,44.53,1.9
ORD-2027353,2024-05-25,Sued,DHL,Home,92.59,2.0
ORD-2024724,2024-05-25,Sued,GLS,Electronics,40.89,1.8
ORD-2024598,2024-05-25,West,Hermes,Apparel,79.34,5.7
ORD-2026763,2024-05-25,Nord,DHL,Food,52.87,2.9
ORD-2025337,2024-05-25,Nord,Hermes,Apparel,35.39,1.8
ORD-2027537,2024-05-26,Ost,DHL,Home,134.27,2.6
ORD-2025745,2024-05-26,Sued,Hermes,Food,28.84,3.1
ORD-2027190,2024-05-26,West,Hermes,Books,66.26,4.1
ORD-2024243,2024-05-26,West,DHL,Home,20.24,2.0
ORD-2028584,2024-05-26,Nord,UPS,Books,87.68,2.9
ORD-2025877,2024-05-26,Sued,GLS,Home,321.37,3.6
ORD-2024272,2024-05-26,Ost,DHL,Apparel,109.63,3.1
ORD-2027699,2024-05-26,Ost,DHL,Books,140.4,3.2
ORD-2028650,2024-05-26,Sued,Hermes,Apparel,27.02,4.8
ORD-2027108,2024-05-26,Ost,Hermes,Books,224.21,4.5
ORD-2024492,2024-05-26,Sued,Hermes,Home,32.14,6.4
ORD-2024670,2024-05-26,Nord,UPS,Books,30.06,2.5
ORD-2026071,2024-05-26,West,DHL,Electronics,44.34,1.8
ORD-2027501,2024-05-26,Zentral,Hermes,Books,55.46,5.1
ORD-2027304,2024-05-26,Nord,DHL,Electronics,28.29,3.2
ORD-2028241,2024-05-26,Nord,DHL,Home,19.92,2.1
ORD-2024430,2024-05-26,Nord,Hermes,Books,63.06,3.7
ORD-2027481,2024-05-26,Zentral,DPD,Food,91.85,4.0
ORD-2024324,2024-05-26,Ost,Hermes,Home,63.39,4.7
ORD-2025283,2024-05-26,Zentral,Hermes,Apparel,52.75,1.0
ORD-2028090,2024-05-26,Ost,DHL,Apparel,21.53,3.1
ORD-2025631,2024-05-26,Zentral,DHL,Electronics,35.69,1.0
ORD-2027270,2024-05-26,Ost,UPS,Food,28.9,1.8
ORD-2024645,2024-05-27,Sued,DHL,Apparel,77.53,1.1
ORD-2028336,2024-05-27,Zentral,DPD,Electronics,74.92,4.7
ORD-2025818,2024-05-27,Sued,DHL,Home,73.3,2.8
ORD-2025206,2024-05-27,West,DHL,Food,214.11,1.9
ORD-2026552,2024-05-27,West,UPS,Home,125.08,2.7
ORD-2024240,2024-05-27,West,UPS,Food,79.82,2.9
ORD-2024244,2024-05-27,West,GLS,Books,139.9,4.0
ORD-2027654,2024-05-27,Ost,Hermes,Electronics,44.78,5.0
ORD-2025398,2024-05-27,Zentral,DHL,Home,24.32,2.1
ORD-2026776,2024-05-27,Sued,DHL,Home,63.73,2.3
ORD-2026868,2024-05-27,Sued,GLS,Apparel,117.83,3.6
ORD-2028934,2024-05-27,Sued,DHL,Apparel,104.16,2.9
ORD-2025121,2024-05-27,Nord,Hermes,Books,69.92,5.2
ORD-2025548,2024-05-27,Zentral,DPD,Apparel,16.67,4.4
ORD-2027069,2024-05-27,Zentral,GLS,Food,21.64,3.1
ORD-2027385,2024-05-27,Ost,GLS,Books,22.92,2.8
ORD-2028246,2024-05-27,Ost,DPD,Electronics,47.5,2.7
ORD-2027492,2024-05-28,Nord,DPD,Books,28.06,2.3
ORD-2026480,2024-05-28,Ost,GLS,Electronics,8.66,3.2
ORD-2028156,2024-05-28,Nord,Hermes,Apparel,39.38,2.2
ORD-2026441,2024-05-28,Zentral,Hermes,Books,81.74,2.2
ORD-2026284,2024-05-28,Zentral,DHL,Electronics,32.49,2.6
ORD-2027772,2024-05-28,Zentral,Hermes,Electronics,195.21,4.8
ORD-2026337,2024-05-28,Sued,DPD,Electronics,60.0,1.9
ORD-2028069,2024-05-28,Zentral,DHL,Apparel,242.26,1.7
ORD-2026625,2024-05-28,Zentral,DPD,Electronics,58.61,4.1
ORD-2028873,2024-05-28,Sued,GLS,Books,23.02,5.3
ORD-2026624,2024-05-28,Nord,DPD,Apparel,93.24,2.2
ORD-2025167,2024-05-28,Nord,DHL,Electronics,199.87,1.6
ORD-2027170,2024-05-28,Ost,DHL,Books,73.26,2.3
ORD-2025376,2024-05-28,Zentral,DHL,Apparel,50.11,2.1
ORD-2024662,2024-05-28,Nord,DPD,Electronics,52.35,3.3
ORD-2026235,2024-05-28,Zentral,Hermes,Apparel,58.02,2.7
ORD-2026588,2024-05-28,Nord,DHL,Apparel,20.2,3.1
ORD-2025439,2024-05-28,West,DHL,Electronics,116.76,2.6
ORD-2026236,2024-05-29,West,Hermes,Apparel,22.82,14.2
ORD-2024943,2024-05-29,Sued,GLS,Food,78.87,3.8
ORD-2025891,2024-05-29,West,GLS,Home,43.8,1.0
ORD-2026637,2024-05-29,West,DPD,Home,77.23,4.8
ORD-2028472,2024-05-29,West,UPS,Apparel,46.09,1.7
ORD-2024016,2024-05-29,Zentral,UPS,Apparel,81.19,2.2
ORD-2024400,2024-05-29,Sued,DPD,Home,57.69,3.1
ORD-2028933,2024-05-29,Ost,GLS,Electronics,86.9,4.3
ORD-2027118,2024-05-29,Sued,DHL,Apparel,88.3,3.6
ORD-2028541,2024-05-29,Sued,DPD,Books,103.23,2.0
ORD-2028362,2024-05-29,West,Hermes,Electronics,77.03,3.4
ORD-2028564,2024-05-29,Ost,DHL,Apparel,36.46,1.1
ORD-2027053,2024-05-29,Nord,DHL,Apparel,45.34,2.6
ORD-2026306,2024-05-29,Ost,GLS,Home,143.22,3.6
ORD-2025198,2024-05-29,West,Hermes,Electronics,28.94,4.3
ORD-2026429,2024-05-30,West,DHL,Apparel,36.28,2.9
ORD-2025281,2024-05-30,Zentral,DPD,Apparel,33.25,3.7
ORD-2026347,2024-05-30,West,DHL,Apparel,136.67,1.8
ORD-2024824,2024-05-30,West,GLS,Food,30.84,3.0
ORD-2028408,2024-05-30,Zentral,DHL,Home,46.51,1.9
ORD-2028248,2024-05-30,Zentral,DHL,Apparel,23.18,3.9
ORD-2026631,2024-05-30,Ost,Hermes,Books,26.87,1.0
ORD-2024254,2024-05-30,Nord,DHL,Books,44.38,1.4
ORD-2024548,2024-05-30,West,DHL,Food,54.08,3.6
ORD-2026038,2024-05-30,Zentral,DHL,Food,21.68,3.1
ORD-2024582,2024-05-30,Zentral,DPD,Apparel,76.27,1.0
ORD-2024364,2024-05-30,Ost,DHL,Food,17.99,4.1
ORD-2024276,2024-05-31,West,DHL,Books,44.21,2.6
ORD-2026210,2024-05-31,Nord,Hermes,Apparel,70.02,4.2
ORD-2025474,2024-05-31,Sued,GLS,Apparel,30.28,4.7
ORD-2028586,2024-05-31,Sued,DPD,Food,14.91,2.3
ORD-2024189,2024-05-31,Sued,DHL,Electronics,72.33,15.1
ORD-2024014,2024-05-31,Sued,DHL,Books,70.96,3.1
ORD-2026218,2024-05-31,Nord,Hermes,Apparel,54.29,4.6
ORD-2026748,2024-05-31,West,UPS,Books,67.56,3.3
ORD-2025390,2024-05-31,Nord,Hermes,Apparel,31.49,4.6
ORD-2024547,2024-05-31,Sued,Hermes,Books,8.63,3.0
ORD-2026832,2024-05-31,Sued,DHL,Home,10.17,14.9
ORD-2026893,2024-05-31,West,DPD,Home,109.51,2.7
ORD-2025915,2024-05-31,Nord,UPS,Apparel,20.55,1.4
ORD-2027560,2024-05-31,Sued,DPD,Books,33.72,1.0
ORD-2025189,2024-05-31,Ost,DPD,Apparel,19.24,3.3
ORD-2027470,2024-05-31,Sued,Hermes,Food,95.01,5.5
ORD-2024954,2024-05-31,West,DHL,Electronics,114.99,3.2
ORD-2024504,2024-05-31,West,DPD,Home,165.04,2.6
ORD-2026549,2024-05-31,Sued,DPD,Food,28.55,1.0
ORD-2025776,2024-06-01,Sued,UPS,Food,50.8,2.0
ORD-2025542,2024-06-01,West,DHL,Electronics,42.47,3.1
ORD-2026132,2024-06-01,West,DHL,Home,73.77,1.5
ORD-2025524,2024-06-01,West,Hermes,Apparel,190.77,5.8
ORD-2028519,2024-06-01,West,Hermes,Home,28.69,3.4
ORD-2025346,2024-06-01,Sued,Hermes,Books,18.27,7.1
ORD-2027289,2024-06-01,Zentral,GLS,Electronics,50.1,1.7
ORD-2026605,2024-06-01,Zentral,UPS,Electronics,112.52,2.8
ORD-2027218,2024-06-01,Sued,DPD,Electronics,27.15,1.2
ORD-2028860,2024-06-01,West,DHL,Electronics,19.79,2.7
ORD-2028513,2024-06-01,Nord,Hermes,Electronics,32.53,3.5
ORD-2025065,2024-06-01,Sued,DHL,Food,16.67,1.0
ORD-2027833,2024-06-01,West,DHL,Food,76.99,2.9
ORD-2024395,2024-06-01,Nord,UPS,Home,50.03,4.3
ORD-2028174,2024-06-01,Ost,Hermes,Food,37.71,3.7
ORD-2024289,2024-06-01,Sued,DHL,Apparel,233.55,3.3
ORD-2027964,2024-06-02,Sued,GLS,Apparel,138.16,3.5
ORD-2026213,2024-06-02,Zentral,GLS,Electronics,76.38,1.4
ORD-2027115,2024-06-02,Zentral,GLS,Apparel,47.26,2.7
ORD-2028078,2024-06-02,Zentral,DHL,Books,30.2,2.4
ORD-2026359,2024-06-02,Sued,DHL,Home,47.67,1.7
ORD-2028329,2024-06-02,West,DHL,Electronics,32.7,2.3
ORD-2025199,2024-06-02,Zentral,GLS,Home,1778.04,1.7
ORD-2024766,2024-06-02,Nord,DHL,Electronics,49.09,3.5
ORD-2025829,2024-06-02,West,GLS,Electronics,125.41,5.7
ORD-2026934,2024-06-02,Zentral,DHL,Books,21.09,3.2
ORD-2027022,2024-06-02,Sued,GLS,Home,127.92,3.0
ORD-2025173,2024-06-02,Sued,Hermes,Apparel,13.09,3.9
ORD-2025329,2024-06-02,Sued,GLS,Home,445.42,3.1
ORD-2026714,2024-06-02,West,DHL,Home,87.21,3.6
ORD-2027502,2024-06-02,Sued,DHL,Electronics,78.33,1.0
ORD-2027407,2024-06-02,Zentral,DHL,Electronics,46.73,2.8
ORD-2028050,2024-06-02,Ost,DHL,Apparel,38.27,2.2
ORD-2026131,2024-06-02,West,DHL,Books,50.05,2.2
ORD-2024463,2024-06-02,Sued,UPS,Apparel,40.24,2.9
ORD-2025404,2024-06-02,West,GLS,Apparel,84.7,3.6
ORD-2026871,2024-06-02,Zentral,Hermes,Food,42.79,2.6
ORD-2028357,2024-06-02,Ost,Hermes,Home,34.18,2.8
ORD-2024890,2024-06-02,Sued,UPS,Apparel,37.29,2.6
ORD-2027681,2024-06-02,West,Hermes,Apparel,79.72,3.9
ORD-2028948,2024-06-03,Zentral,DPD,Food,172.79,3.5
ORD-2024835,2024-06-03,Sued,Hermes,Books,12.83,6.2
ORD-2028884,2024-06-03,West,GLS,Home,20.91,4.3
ORD-2024366,2024-06-03,Ost,DHL,Apparel,37.94,4.4
ORD-2028010,2024-06-03,Nord,DHL,Apparel,30.69,2.9
ORD-2026468,2024-06-03,Zentral,Hermes,Apparel,39.33,7.4
ORD-2028020,2024-06-03,West,DPD,Food,19.34,4.2
ORD-2027408,2024-06-03,West,DHL,Apparel,146.61,3.7
ORD-2027328,2024-06-03,Zentral,GLS,Apparel,69.49,2.4
ORD-2025672,2024-06-03,Zentral,GLS,Books,68.01,1.0
ORD-2025648,2024-06-03,Nord,DHL,Books,45.29,1.8
ORD-2027694,2024-06-04,Zentral,Hermes,Home,280.79,4.5
ORD-2026443,2024-06-04,Nord,DPD,Books,11.32,2.9
ORD-2027817,2024-06-04,Nord,GLS,Books,38.01,4.1
ORD-2027378,2024-06-04,Sued,DHL,Food,32.87,2.1
ORD-2027039,2024-06-04,Zentral,DHL,Books,14.75,2.3
ORD-2028919,2024-06-04,Ost,DHL,Electronics,68.25,3.1
ORD-2027944,2024-06-04,Zentral,DHL,Home,19.23,3.8
ORD-2027998,2024-06-04,Sued,DHL,Apparel,43.26,2.3
ORD-2028636,2024-06-04,Zentral,Hermes,Home,148.8,4.3
ORD-2027066,2024-06-04,Ost,DHL,Apparel,158.53,2.5
ORD-2028774,2024-06-04,Ost,UPS,Apparel,68.33,3.1
ORD-2027363,2024-06-04,Nord,GLS,Apparel,22.51,3.6
ORD-2024686,2024-06-04,Sued,DHL,Home,30.24,3.5
ORD-2025200,2024-06-04,Ost,DPD,Home,111.6,3.3
ORD-2026166,2024-06-04,Sued,DHL,Apparel,58.23,2.4
ORD-2026000,2024-06-04,Nord,Hermes,Apparel,179.59,4.8
ORD-2025107,2024-06-05,Sued,Hermes,Books,55.51,3.3
ORD-2028332,2024-06-05,Sued,DHL,Electronics,59.33,11.0
ORD-2025079,2024-06-05,Nord,DHL,Home,34.56,2.6
ORD-2027859,2024-06-05,Ost,GLS,Books,217.83,5.2
ORD-2026048,2024-06-05,Zentral,Hermes,Electronics,51.89,2.4
ORD-2027387,2024-06-05,Nord,DHL,Electronics,12.27,2.6
ORD-2026164,2024-06-05,Zentral,DPD,Home,108.57,3.5
ORD-2028304,2024-06-05,Sued,DHL,Books,28.73,1.2
ORD-2025082,2024-06-05,Zentral,DPD,Apparel,147.93,4.9
ORD-2027693,2024-06-05,Nord,DHL,Books,213.66,1.4
ORD-2027199,2024-06-05,Sued,Hermes,Home,144.11,2.9
ORD-2025104,2024-06-05,West,Hermes,Home,109.04,4.7
ORD-2024091,2024-06-05,Sued,DPD,Apparel,13.23,2.6
ORD-2025728,2024-06-05,West,DPD,Home,62.27,2.8
ORD-2024429,2024-06-06,West,DHL,Electronics,179.97,3.9
ORD-2026377,2024-06-06,Zentral,DPD,Books,51.39,4.2
ORD-2027163,2024-06-06,Sued,UPS,Apparel,22.0,2.1
ORD-2027637,2024-06-06,Zentral,GLS,Apparel,48.39,2.2
ORD-2024309,2024-06-06,Ost,GLS,Electronics,27.01,3.7
ORD-2025660,2024-06-06,Sued,DHL,Apparel,33.47,3.8
ORD-2026171,2024-06-06,Sued,Hermes,Apparel,34.41,2.2
ORD-2025520,2024-06-06,Ost,Hermes,Apparel,33.68,3.5
ORD-2027006,2024-06-06,Sued,GLS,Electronics,31.96,12.4
ORD-2026375,2024-06-06,Nord,DHL,Apparel,55.87,3.8
ORD-2026740,2024-06-06,West,DHL,Books,13.55,2.2
ORD-2026315,2024-06-06,Ost,DHL,Apparel,96.17,1.0
ORD-2024332,2024-06-06,Ost,DHL,Books,22.92,10.7
ORD-2027293,2024-06-06,Sued,UPS,Electronics,77.43,2.8
ORD-2025221,2024-06-06,Zentral,DHL,Books,29.5,3.3
ORD-2025309,2024-06-06,Nord,DPD,Home,126.93,16.0
ORD-2025908,2024-06-07,Nord,GLS,Apparel,14.58,1.2
ORD-2027902,2024-06-07,Sued,Hermes,Apparel,36.25,6.2
ORD-2025473,2024-06-07,Zentral,DPD,Home,32.69,1.9
ORD-2026091,2024-06-07,Zentral,DPD,Apparel,49.78,4.5
ORD-2025097,2024-06-07,Sued,DPD,Books,53.55,2.7
ORD-2026184,2024-06-07,Nord,DHL,Apparel,132.3,2.1
ORD-2026742,2024-06-07,Sued,DHL,Electronics,61.68,3.2
ORD-2028706,2024-06-07,West,DHL,Home,44.51,2.8
ORD-2024191,2024-06-08,Zentral,DPD,Food,44.81,3.2
ORD-2026423,2024-06-08,Sued,DPD,Apparel,58.67,1.7
ORD-2024658,2024-06-08,Ost,UPS,Apparel,75.0,1.3
ORD-2024268,2024-06-08,Zentral,Hermes,Food,609.32,7.4
ORD-2026239,2024-06-08,West,DHL,Food,47.71,3.1
ORD-2024502,2024-06-08,Zentral,DHL,Apparel,17.92,1.4
ORD-2024218,2024-06-08,Sued,DHL,Apparel,38.13,2.8
ORD-2025578,2024-06-08,West,DPD,Food,55.53,2.5
ORD-2027655,2024-06-08,West,Hermes,Electronics,101.68,4.1
ORD-2026865,2024-06-08,Zentral,Hermes,Food,120.28,3.0
ORD-2026283,2024-06-08,West,DPD,Food,36.13,2.6
ORD-2024837,2024-06-08,Sued,DHL,Home,39.93,3.3
ORD-2025658,2024-06-08,West,DHL,Apparel,24.03,2.7
ORD-2025813,2024-06-08,Sued,UPS,Home,15.28,2.6
ORD-2027848,2024-06-08,Zentral,Hermes,Apparel,50.75,3.3
ORD-2026491,2024-06-08,Sued,Hermes,Apparel,65.62,4.6
ORD-2024152,2024-06-08,Zentral,DHL,Home,110.11,1.9
ORD-2028023,2024-06-08,Ost,DPD,Electronics,86.07,4.6
ORD-2027372,2024-06-08,Sued,GLS,Apparel,28.87,3.4
ORD-2028553,2024-06-08,West,UPS,Apparel,336.17,2.7
ORD-2026595,2024-06-08,Sued,GLS,Apparel,206.82,1.2
ORD-2025819,2024-06-09,Ost,GLS,Food,106.13,1.4
ORD-2026773,2024-06-09,Sued,DHL,Electronics,59.02,1.8
ORD-2024023,2024-06-09,Ost,Hermes,Books,282.04,3.2
ORD-2027913,2024-06-09,Sued,UPS,Apparel,42.44,1.7
ORD-2027301,2024-06-09,Nord,DHL,Electronics,19.73,1.8
ORD-2026017,2024-06-09,Sued,DHL,Apparel,41.4,3.6
ORD-2027139,2024-06-09,Nord,UPS,Books,122.85,1.7
ORD-2028421,2024-06-09,Ost,DPD,Books,55.58,1.0
ORD-2024279,2024-06-09,West,DHL,Electronics,95.28,2.0
ORD-2024348,2024-06-09,Zentral,DHL,Home,58.55,3.0
ORD-2026341,2024-06-09,Sued,DHL,Food,55.74,2.3
ORD-2027936,2024-06-09,Zentral,DPD,Books,75.94,2.9
ORD-2025001,2024-06-09,West,Hermes,Electronics,51.14,3.9
ORD-2028787,2024-06-09,West,DHL,Home,49.41,2.0
ORD-2026083,2024-06-09,Sued,GLS,Home,36.17,1.8
ORD-2025194,2024-06-09,West,DHL,Food,89.15,2.8
ORD-2024297,2024-06-09,Zentral,DHL,Electronics,54.07,2.6
ORD-2025489,2024-06-09,West,DHL,Books,9.3,2.2
ORD-2025280,2024-06-09,West,UPS,Home,127.16,2.6
ORD-2026885,2024-06-09,Ost,Hermes,Apparel,65.16,2.1
ORD-2026233,2024-06-09,Nord,DHL,Home,24.35,3.7
ORD-2026739,2024-06-10,Ost,DHL,Home,36.04,2.1
ORD-2028227,2024-06-10,Nord,DPD,Books,64.56,2.3
ORD-2027441,2024-06-10,Ost,GLS,Home,41.95,2.6
ORD-2027830,2024-06-10,Ost,DPD,Books,93.24,3.9
ORD-2028163,2024-06-10,West,GLS,Books,119.8,4.2
ORD-2025244,2024-06-10,Sued,DHL,Apparel,120.26,3.0
ORD-2024768,2024-06-10,West,GLS,Electronics,34.92,3.3
ORD-2025749,2024-06-10,Zentral,GLS,Apparel,49.85,4.9
ORD-2024071,2024-06-10,Sued,DHL,Electronics,5.18,1.8
ORD-2027210,2024-06-10,Ost,GLS,Electronics,177.84,1.3
ORD-2027008,2024-06-10,Zentral,GLS,Books,132.21,4.0
ORD-2027615,2024-06-10,West,DHL,Electronics,103.51,2.4
ORD-2027763,2024-06-10,Ost,Hermes,Books,54.87,5.0
ORD-2028573,2024-06-10,Ost,UPS,Apparel,7.91,2.6
ORD-2027701,2024-06-10,Ost,UPS,Home,72.3,1.8
ORD-2026839,2024-06-11,Zentral,Hermes,Apparel,32.54,5.4
ORD-2027567,2024-06-11,Sued,DHL,Books,121.03,2.8
ORD-2028795,2024-06-11,Ost,UPS,Home,13.18,2.6
ORD-2024294,2024-06-11,Zentral,DHL,Electronics,27.15,2.6
ORD-2027527,2024-06-11,Ost,GLS,Home,76.03,1.6
ORD-2024104,2024-06-11,Sued,DPD,Home,53.99,1.4
ORD-2028031,2024-06-11,Zentral,GLS,Home,52.26,2.2
ORD-2025965,2024-06-11,West,DHL,Books,15.92,3.0
ORD-2026384,2024-06-11,Sued,DPD,Books,38.18,3.7
ORD-2024506,2024-06-11,Zentral,DHL,Electronics,79.22,3.1
ORD-2024593,2024-06-11,Zentral,DPD,Electronics,56.18,1.8
ORD-2028827,2024-06-11,Nord,DHL,Home,44.2,2.9
ORD-2025750,2024-06-11,Ost,DHL,Home,69.38,1.8
ORD-2027801,2024-06-11,Sued,DHL,Food,128.64,2.7
ORD-2027043,2024-06-11,Sued,UPS,Books,23.58,2.6
ORD-2025682,2024-06-11,Ost,DPD,Books,96.1,1.0
ORD-2027590,2024-06-12,Ost,DHL,Apparel,40.1,1.4
ORD-2026226,2024-06-12,West,DHL,Electronics,22.67,2.5
ORD-2024690,2024-06-12,West,GLS,Home,9.45,1.3
ORD-2025968,2024-06-12,Sued,DPD,Apparel,36.51,2.8
ORD-2026397,2024-06-12,Sued,DHL,Apparel,56.66,2.7
ORD-2028101,2024-06-12,Nord,DHL,Apparel,28.61,3.8
ORD-2028375,2024-06-12,Ost,GLS,Apparel,125.08,2.5
ORD-2026968,2024-06-12,Ost,DPD,Home,87.74,3.5
ORD-2026271,2024-06-12,Nord,DHL,Electronics,34.05,1.7
ORD-2024668,2024-06-12,Nord,Hermes,Books,158.49,4.7
ORD-2025711,2024-06-12,West,UPS,Electronics,47.3,2.6
ORD-2026589,2024-06-12,Zentral,DPD,Apparel,26.38,3.2
ORD-2026492,2024-06-12,Zentral,DHL,Home,83.68,2.7
ORD-2028432,2024-06-12,Sued,Hermes,Books,131.96,6.7
ORD-2024539,2024-06-12,West,Hermes,Food,22.8,4.4
ORD-2027480,2024-06-12,Ost,DHL,Apparel,193.98,1.5
ORD-2027135,2024-06-12,Nord,DHL,Apparel,41.69,2.5
ORD-2025380,2024-06-12,Nord,Hermes,Apparel,25.72,6.9
ORD-2027439,2024-06-13,Ost,DPD,Food,60.62,5.4
ORD-2025345,2024-06-13,Zentral,Hermes,Electronics,42.68,1.1
ORD-2028550,2024-06-13,West,DHL,Books,22.75,2.5
ORD-2026874,2024-06-13,Ost,Hermes,Apparel,82.26,5.1
ORD-2024184,2024-06-13,Ost,GLS,Apparel,119.22,4.8
ORD-2027473,2024-06-13,Nord,GLS,Apparel,70.44,3.0
ORD-2028790,2024-06-13,Nord,DPD,Apparel,47.16,5.2
ORD-2025043,2024-06-13,Sued,DPD,Home,62.49,5.0
ORD-2024615,2024-06-13,West,Hermes,Electronics,14.52,3.0
ORD-2027794,2024-06-13,Sued,UPS,Books,59.85,1.3
ORD-2025995,2024-06-13,Sued,DHL,Apparel,76.69,2.3
ORD-2024749,2024-06-13,Nord,DHL,Home,37.3,3.1
ORD-2025273,2024-06-13,Zentral,DPD,Books,48.72,3.8
ORD-2028917,2024-06-14,Nord,Hermes,Home,39.42,2.5
ORD-2028385,2024-06-14,Ost,Hermes,Food,65.08,3.7
ORD-2024799,2024-06-14,West,DPD,Apparel,70.08,1.8
ORD-2025784,2024-06-14,Nord,DPD,Books,18.65,3.9
ORD-2025235,2024-06-14,Sued,DHL,Electronics,101.48,2.7
ORD-2027756,2024-06-14,West,Hermes,Apparel,14.53,1.5
ORD-2027332,2024-06-14,Sued,DHL,Books,248.26,2.1
ORD-2028879,2024-06-14,Ost,DHL,Food,194.15,2.3
ORD-2028837,2024-06-14,Ost,DHL,Home,39.93,4.5
ORD-2025832,2024-06-14,West,GLS,Books,343.89,2.2
ORD-2028327,2024-06-14,Sued,UPS,Electronics,155.8,1.8
ORD-2026372,2024-06-14,Ost,Hermes,Food,19.81,3.2
ORD-2028769,2024-06-14,Sued,GLS,Food,62.52,3.5
ORD-2025799,2024-06-14,Sued,DPD,Home,87.65,2.5
ORD-2026957,2024-06-15,Sued,DHL,Electronics,41.61,2.2
ORD-2026919,2024-06-15,Sued,DHL,Books,343.26,2.5
ORD-2027376,2024-06-15,Ost,UPS,Food,48.07,1.9
ORD-2026265,2024-06-15,Nord,DHL,Electronics,535.87,2.1
ORD-2026254,2024-06-15,Zentral,DPD,Apparel,69.0,3.5
ORD-2026222,2024-06-15,West,DHL,Home,350.39,2.2
ORD-2028192,2024-06-15,Nord,GLS,Electronics,11.02,3.9
ORD-2028579,2024-06-15,West,Hermes,Apparel,98.94,8.1
ORD-2024632,2024-06-15,Sued,GLS,Apparel,17.28,1.0
ORD-2028283,2024-06-15,Zentral,UPS,Home,34.6,2.6
ORD-2024046,2024-06-15,Ost,DHL,Electronics,61.72,3.3
ORD-2024513,2024-06-16,West,Hermes,Electronics,100.93,4.9
ORD-2025008,2024-06-16,Sued,DHL,Electronics,73.95,3.1
ORD-2026945,2024-06-16,Nord,GLS,Home,110.72,4.0
ORD-2025357,2024-06-16,Nord,DHL,Apparel,50.98,2.5
ORD-2028233,2024-06-16,Sued,UPS,Books,19.96,3.0
ORD-2027276,2024-06-16,West,UPS,Home,11.1,1.9
ORD-2024608,2024-06-16,Nord,UPS,Home,72.6,2.3
ORD-2025633,2024-06-16,Nord,DHL,Electronics,37.05,3.2
ORD-2028126,2024-06-16,Nord,DHL,Apparel,51.13,2.8
ORD-2028405,2024-06-16,Ost,DHL,Food,78.5,3.4
ORD-2028462,2024-06-16,Sued,DPD,Books,10.91,2.5
ORD-2024296,2024-06-17,Sued,DHL,Apparel,39.49,9.5
ORD-2028197,2024-06-17,Nord,DHL,Home,45.3,1.6
ORD-2026899,2024-06-17,Ost,Hermes,Apparel,46.17,4.1
ORD-2026084,2024-06-17,West,DHL,Food,53.89,1.7
ORD-2027946,2024-06-17,Sued,GLS,Home,289.07,3.6
ORD-2028117,2024-06-17,Nord,DHL,Apparel,64.82,1.2
ORD-2028312,2024-06-17,Zentral,UPS,Apparel,60.89,2.9
ORD-2026582,2024-06-17,West,UPS,Food,15.33,3.0
ORD-2028138,2024-06-17,Zentral,Hermes,Home,110.75,3.5
ORD-2025639,2024-06-17,Nord,DHL,Apparel,79.96,3.1
ORD-2027559,2024-06-17,Nord,GLS,Apparel,114.05,3.2
ORD-2028403,2024-06-18,West,DHL,Apparel,109.61,1.6
ORD-2024609,2024-06-18,Zentral,Hermes,Apparel,62.17,3.2
ORD-2025596,2024-06-18,West,UPS,Apparel,246.44,1.0
ORD-2027421,2024-06-18,Sued,GLS,Apparel,92.49,1.3
ORD-2027825,2024-06-18,Zentral,Hermes,Home,55.95,4.7
ORD-2025645,2024-06-18,Zentral,DPD,Electronics,193.06,2.3
ORD-2028002,2024-06-18,West,DPD,Electronics,45.23,2.8
ORD-2025494,2024-06-18,West,DPD,Apparel,73.27,5.5
ORD-2024373,2024-06-18,Sued,DPD,Electronics,42.15,1.2
ORD-2024844,2024-06-18,Nord,GLS,Apparel,61.13,2.7
ORD-2028878,2024-06-18,Sued,DHL,Food,39.19,3.3
ORD-2024159,2024-06-18,Sued,DHL,Electronics,51.06,2.4
ORD-2026208,2024-06-18,Zentral,DHL,Food,52.0,1.4
ORD-2024031,2024-06-18,West,Hermes,Apparel,224.23,4.0
ORD-2028738,2024-06-18,Nord,DHL,Home,45.17,1.8
ORD-2024406,2024-06-18,West,Hermes,Electronics,44.83,4.5
ORD-2024148,2024-06-19,West,DHL,Books,50.17,2.6
ORD-2025986,2024-06-19,Zentral,Hermes,Electronics,62.29,1.7
ORD-2025481,2024-06-19,Sued,DHL,Books,50.09,3.3
ORD-2028625,2024-06-19,West,DHL,Books,51.6,1.8
ORD-2027809,2024-06-19,Ost,DPD,Apparel,157.04,3.6
ORD-2025141,2024-06-19,Zentral,Hermes,Electronics,39.29,5.6
ORD-2028000,2024-06-19,Zentral,DHL,Food,34.99,1.0
ORD-2027550,2024-06-19,West,DHL,Home,67.48,2.9
ORD-2026653,2024-06-19,Sued,DPD,Food,31.3,3.4
ORD-2028857,2024-06-19,Nord,DHL,Food,53.59,2.1
ORD-2026612,2024-06-20,Ost,Hermes,Books,24.32,2.6
ORD-2025006,2024-06-20,Nord,DHL,Apparel,50.45,2.6
ORD-2027175,2024-06-20,Zentral,Hermes,Apparel,12.61,6.4
ORD-2027364,2024-06-20,Sued,DPD,Food,35.01,3.5
ORD-2024330,2024-06-20,Nord,DHL,Books,114.9,3.3
ORD-2024120,2024-06-20,Nord,DHL,Home,207.97,2.0
ORD-2024188,2024-06-20,Zentral,DHL,Apparel,73.95,2.7
ORD-2026193,2024-06-20,Nord,Hermes,Books,28.57,3.2
ORD-2026297,2024-06-20,Ost,DHL,Apparel,43.86,2.1
ORD-2025420,2024-06-20,Ost,DHL,Home,118.25,1.8
ORD-2024216,2024-06-20,Zentral,DPD,Electronics,30.95,1.8
ORD-2025111,2024-06-21,West,DPD,Apparel,24.83,3.1
ORD-2026490,2024-06-21,Nord,Hermes,Books,50.08,2.8
ORD-2027605,2024-06-21,Nord,GLS,Books,33.01,2.8
ORD-2028773,2024-06-21,Sued,UPS,Books,31.65,2.5
ORD-2024382,2024-06-21,West,Hermes,Books,53.27,5.4
ORD-2028014,2024-06-21,Zentral,DPD,Books,73.95,1.6
ORD-2024657,2024-06-21,Zentral,DHL,Electronics,117.96,2.0
ORD-2025881,2024-06-21,Sued,GLS,Books,15.58,2.0
ORD-2026539,2024-06-21,Ost,DHL,Food,68.25,2.7
ORD-2024659,2024-06-21,West,GLS,Books,39.53,3.8
ORD-2026757,2024-06-21,Sued,DHL,Electronics,42.52,2.3
ORD-2024639,2024-06-21,Ost,DHL,Books,87.62,2.5
ORD-2024978,2024-06-21,Nord,DHL,Electronics,45.16,3.5
ORD-2025362,2024-06-21,Nord,DPD,Home,33.54,2.9
ORD-2028040,2024-06-21,Nord,Hermes,Apparel,49.99,2.8
ORD-2027488,2024-06-21,Zentral,GLS,Apparel,472.29,3.3
ORD-2027761,2024-06-21,Zentral,GLS,Home,5.0,3.6
ORD-2026411,2024-06-21,Sued,DPD,Home,233.12,4.2
ORD-2028674,2024-06-21,Sued,DHL,Home,55.28,3.5
ORD-2026194,2024-06-21,Nord,DHL,Apparel,54.73,1.9
ORD-2024757,2024-06-21,Nord,Hermes,Electronics,90.26,4.0
ORD-2027124,2024-06-21,Nord,DHL,Electronics,17.02,2.2
ORD-2027291,2024-06-22,Zentral,DHL,Electronics,24.6,2.6
ORD-2025767,2024-06-22,Nord,GLS,Apparel,45.78,4.5
ORD-2025835,2024-06-22,Nord,DPD,Apparel,106.8,1.0
ORD-2026825,2024-06-22,West,Hermes,Books,99.1,5.9
ORD-2026614,2024-06-22,West,GLS,Apparel,83.22,2.5
ORD-2028435,2024-06-22,Zentral,DHL,Electronics,17.7,3.3
ORD-2024359,2024-06-22,Ost,Hermes,Food,105.37,3.1
ORD-2027903,2024-06-22,Sued,DHL,Home,173.36,3.4
ORD-2024606,2024-06-22,Sued,DHL,Apparel,65.76,1.0
ORD-2027186,2024-06-22,West,DHL,Apparel,16.32,4.5
ORD-2027827,2024-06-23,Ost,DHL,Apparel,22.76,1.3
ORD-2025993,2024-06-23,Nord,DHL,Home,26.04,2.3
ORD-2027717,2024-06-23,Zentral,GLS,Home,37.74,2.3
ORD-2028210,2024-06-23,Ost,GLS,Apparel,31.29,2.7
ORD-2027819,2024-06-23,Ost,DHL,Electronics,41.0,2.0
ORD-2027523,2024-06-23,Sued,Hermes,Food,71.43,7.5
ORD-2024035,2024-06-23,Zentral,DHL,Books,21.31,2.4
ORD-2025230,2024-06-23,Ost,GLS,Food,106.26,2.4
ORD-2028590,2024-06-23,Sued,DHL,Apparel,55.84,2.6
ORD-2028595,2024-06-23,Sued,DHL,Books,65.68,2.6
ORD-2027895,2024-06-23,West,DPD,Apparel,13.63,2.8
ORD-2026053,2024-06-23,Ost,GLS,Apparel,48.79,2.6
ORD-2026229,2024-06-23,Nord,DHL,Electronics,145.87,2.6
ORD-2025732,2024-06-23,Sued,Hermes,Electronics,182.67,4.1
ORD-2027296,2024-06-23,Zentral,Hermes,Home,95.57,3.5
ORD-2025708,2024-06-23,Ost,Hermes,Apparel,68.97,6.5
ORD-2025610,2024-06-24,Ost,DPD,Home,23.15,2.5
ORD-2024306,2024-06-24,Ost,Hermes,Electronics,220.18,6.7
ORD-2027052,2024-06-24,Ost,DHL,Electronics,22.82,2.2
ORD-2027394,2024-06-24,West,Hermes,Electronics,103.86,3.6
ORD-2026086,2024-06-24,Nord,DHL,Apparel,37.39,1.9
ORD-2026991,2024-06-24,Zentral,DPD,Home,63.32,4.7
ORD-2028384,2024-06-24,Nord,DHL,Apparel,52.63,1.9
ORD-2024371,2024-06-24,Ost,DPD,Apparel,105.32,2.7
ORD-2025606,2024-06-24,West,DHL,Home,49.85,1.5
ORD-2028817,2024-06-24,Nord,DHL,Food,62.4,2.9
ORD-2025464,2024-06-24,Zentral,DHL,Home,30.8,2.3
ORD-2028802,2024-06-24,Zentral,GLS,Books,30.47,4.4
ORD-2024543,2024-06-25,Sued,GLS,Electronics,86.16,5.1
ORD-2028528,2024-06-25,Zentral,DHL,Books,19.61,1.9
ORD-2027707,2024-06-25,Zentral,DHL,Home,39.21,1.6
ORD-2025566,2024-06-25,Ost,UPS,Apparel,155.09,1.4
ORD-2024727,2024-06-25,Zentral,Hermes,Books,170.35,6.0
ORD-2025517,2024-06-25,Zentral,Hermes,Books,46.69,1.9
ORD-2024567,2024-06-25,Ost,GLS,Books,33.89,2.6
ORD-2025205,2024-06-25,West,DPD,Apparel,222.58,2.3
ORD-2027295,2024-06-25,Ost,DHL,Home,66.16,2.6
ORD-2027236,2024-06-25,Nord,DHL,Books,54.83,2.1
ORD-2026901,2024-06-25,West,Hermes,Home,19.0,6.0
ORD-2024736,2024-06-25,West,DHL,Apparel,63.47,1.0
ORD-2028315,2024-06-25,Nord,Hermes,Books,22.67,4.1
ORD-2025917,2024-06-25,Sued,UPS,Apparel,33.79,2.7
ORD-2025195,2024-06-25,Nord,DHL,Food,29.49,1.9
ORD-2025852,2024-06-26,Ost,DHL,Apparel,78.4,1.6
ORD-2026886,2024-06-26,Zentral,DPD,Home,76.97,4.1
ORD-2025248,2024-06-26,West,DPD,Food,82.57,4.0
ORD-2027657,2024-06-26,Ost,DHL,Home,24.47,2.1
ORD-2026436,2024-06-26,West,DHL,Food,119.97,2.0
ORD-2026035,2024-06-26,Zentral,Hermes,Apparel,49.61,3.8
ORD-2025002,2024-06-26,Ost,DPD,Home,24.0,5.1
ORD-2025572,2024-06-26,Sued,DHL,Electronics,16.0,3.0
ORD-2028801,2024-06-26,Ost,DPD,Food,84.6,3.1
ORD-2024695,2024-06-26,Sued,DPD,Electronics,41.44,3.3
ORD-2028759,2024-06-26,Sued,DHL,Apparel,41.31,2.4
ORD-2026960,2024-06-26,Zentral,Hermes,Electronics,6.04,5.3
ORD-2024505,2024-06-26,West,DHL,Electronics,35.63,3.5
ORD-2026861,2024-06-26,Sued,DHL,Apparel,139.01,2.5
ORD-2028390,2024-06-26,Zentral,Hermes,Apparel,79.55,4.1
ORD-2026461,2024-06-26,West,DHL,Electronics,17.67,3.6
ORD-2027519,2024-06-27,Ost,DPD,Electronics,8.62,4.3
ORD-2028132,2024-06-27,West,GLS,Apparel,28.95,4.4
ORD-2025075,2024-06-27,Sued,DPD,Home,90.62,1.0
ORD-2024137,2024-06-27,Nord,DHL,Electronics,32.52,3.2
ORD-2024508,2024-06-27,Ost,UPS,Home,17.61,1.6
ORD-2027711,2024-06-27,Nord,DHL,Home,215.08,2.0
ORD-2028258,2024-06-27,Ost,GLS,Apparel,76.89,3.1
ORD-2026018,2024-06-27,Zentral,Hermes,Electronics,60.07,4.0
ORD-2027200,2024-06-27,Nord,Hermes,Books,9.63,2.4
ORD-2028441,2024-06-27,Nord,DPD,Electronics,119.51,2.6
ORD-2025187,2024-06-27,Nord,Hermes,Electronics,155.35,6.3
ORD-2025059,2024-06-27,Sued,DHL,Home,52.38,3.3
ORD-2028954,2024-06-27,Sued,DHL,Books,96.13,2.9
ORD-2025808,2024-06-27,Nord,DHL,Apparel,55.87,1.7
ORD-2024935,2024-06-28,Zentral,DHL,Electronics,30.36,2.2
ORD-2025191,2024-06-28,Nord,UPS,Books,147.91,1.2
ORD-2024194,2024-06-28,Nord,DHL,Electronics,63.55,3.2
ORD-2026357,2024-06-28,West,DHL,Apparel,57.15,3.0
ORD-2024489,2024-06-28,Zentral,DHL,Electronics,50.73,1.0
ORD-2024405,2024-06-28,Ost,DHL,Books,67.71,2.9
ORD-2024879,2024-06-28,West,DHL,Apparel,20.3,1.4
ORD-2027044,2024-06-28,Sued,DPD,Electronics,9.35,3.8
ORD-2024341,2024-06-29,Ost,DHL,Electronics,49.79,2.3
ORD-2028043,2024-06-29,West,Hermes,Electronics,46.38,3.9
ORD-2026488,2024-06-29,Zentral,UPS,Electronics,49.91,2.3
ORD-2027824,2024-06-29,Sued,DHL,Books,86.87,2.5
ORD-2026022,2024-06-29,Nord,DHL,Food,48.3,2.1
ORD-2024587,2024-06-29,Ost,Hermes,Apparel,38.71,5.1
ORD-2025771,2024-06-29,Ost,DPD,Electronics,26.08,2.8
ORD-2028653,2024-06-29,Zentral,UPS,Books,37.15,3.2
ORD-2028115,2024-06-29,West,UPS,Food,133.64,1.8
ORD-2025644,2024-06-29,Ost,DPD,Home,61.66,4.2
ORD-2027889,2024-06-29,Ost,Hermes,Food,18.84,4.2
ORD-2026594,2024-06-29,Nord,Hermes,Food,31.89,4.0
ORD-2028949,2024-06-29,Zentral,DHL,Books,73.72,3.1
ORD-2028107,2024-06-29,Sued,DPD,Home,45.09,2.6
ORD-2025372,2024-06-29,Zentral,GLS,Apparel,19.71,2.6
ORD-2025162,2024-06-30,Ost,DHL,Electronics,22.36,1.6
ORD-2028449,2024-06-30,Sued,UPS,Electronics,7.59,2.9
ORD-2028894,2024-06-30,Sued,DHL,Apparel,41.38,1.3
ORD-2026824,2024-06-30,Zentral,DPD,Apparel,15.42,2.9
ORD-2028287,2024-06-30,Sued,Hermes,Apparel,49.95,5.7
ORD-2025188,2024-06-30,Sued,DPD,Apparel,38.85,1.0
ORD-2028814,2024-06-30,Ost,Hermes,Food,127.68,4.8
ORD-2028688,2024-06-30,Nord,GLS,Books,104.56,2.6
ORD-2025274,2024-06-30,Sued,UPS,Home,30.9,3.4
ORD-2026844,2024-06-30,Zentral,DHL,Home,21.71,1.8
ORD-2024631,2024-06-30,Sued,GLS,Apparel,5.0,2.1
ORD-2027806,2024-06-30,Zentral,DPD,Books,30.09,5.3
ORD-2028886,2024-06-30,West,UPS,Home,34.97,3.0
ORD-2026762,2024-07-01,Sued,Hermes,Apparel,44.44,8.5
ORD-2027265,2024-07-01,Ost,DHL,Food,99.74,3.3
ORD-2026760,2024-07-01,Zentral,DHL,Apparel,38.78,1.5
ORD-2025885,2024-07-01,Sued,Hermes,Apparel,32.43,7.1
ORD-2025482,2024-07-01,Nord,DHL,Apparel,143.58,16.9
ORD-2028840,2024-07-01,West,Hermes,Electronics,97.92,5.8
ORD-2024825,2024-07-01,Sued,DPD,Books,24.44,5.6
ORD-2026497,2024-07-01,Sued,DHL,Electronics,321.26,1.3
ORD-2026474,2024-07-01,West,DPD,Home,71.08,1.0
ORD-2027509,2024-07-01,Nord,Hermes,Home,55.8,4.0
ORD-2028867,2024-07-01,Zentral,DPD,Home,18.95,4.0
ORD-2028212,2024-07-01,Nord,DHL,Food,16.73,2.7
ORD-2024553,2024-07-01,West,UPS,Apparel,46.22,1.9
ORD-2027160,2024-07-01,West,DHL,Books,29.18,2.9
ORD-2026604,2024-07-01,West,DPD,Food,22.6,2.7
ORD-2027647,2024-07-01,Ost,GLS,Home,49.58,4.1
ORD-2024830,2024-07-02,Sued,DHL,Electronics,24.45,3.2
ORD-2028920,2024-07-02,Zentral,Hermes,Food,17.84,6.0
ORD-2027952,2024-07-02,Ost,DHL,Apparel,27.81,2.3
ORD-2026034,2024-07-02,Zentral,UPS,Electronics,38.65,2.5
ORD-2027622,2024-07-02,Ost,DHL,Books,12.41,2.0
ORD-2024809,2024-07-02,Zentral,GLS,Food,96.35,2.7
ORD-2027495,2024-07-02,Nord,DHL,Apparel,177.74,2.6
ORD-2027562,2024-07-02,Zentral,DHL,Books,52.24,2.0
ORD-2026656,2024-07-02,West,DPD,Home,11.83,4.0
ORD-2025102,2024-07-02,Sued,UPS,Apparel,161.73,3.3
ORD-2024223,2024-07-02,Sued,DHL,Books,169.07,2.4
ORD-2026853,2024-07-02,West,GLS,Home,95.42,3.0
ORD-2026031,2024-07-03,Nord,DPD,Apparel,38.14,2.1
ORD-2028475,2024-07-03,Nord,DHL,Electronics,46.86,2.8
ORD-2028666,2024-07-03,Sued,DHL,Food,21.32,5.4
ORD-2028148,2024-07-03,West,DHL,Home,168.38,1.0
ORD-2024466,2024-07-03,West,UPS,Electronics,211.58,3.2
ORD-2025509,2024-07-03,West,Hermes,Home,102.15,3.3
ORD-2028474,2024-07-04,West,DHL,Home,19.2,1.2
ORD-2027822,2024-07-04,Zentral,GLS,Apparel,52.59,3.5
ORD-2025929,2024-07-04,Sued,UPS,Apparel,29.9,2.6
ORD-2024396,2024-07-04,Zentral,DHL,Apparel,35.75,3.9
ORD-2026671,2024-07-04,Zentral,UPS,Electronics,62.9,1.7
ORD-2024693,2024-07-04,West,GLS,Electronics,67.29,2.3
ORD-2026735,2024-07-04,West,DHL,Apparel,45.19,2.0
ORD-2024589,2024-07-04,Zentral,GLS,Apparel,35.77,3.7
ORD-2025620,2024-07-04,West,GLS,Apparel,77.71,1.3
ORD-2027712,2024-07-04,West,DHL,Electronics,178.49,1.9
ORD-2026707,2024-07-04,Nord,GLS,Home,68.21,3.0
ORD-2028805,2024-07-05,West,DHL,Home,43.53,3.9
ORD-2024154,2024-07-05,Nord,DHL,Apparel,12.3,2.0
ORD-2028454,2024-07-05,West,Hermes,Home,73.93,4.7
ORD-2024236,2024-07-05,Ost,DHL,Home,56.42,2.3
ORD-2024565,2024-07-05,Nord,DHL,Food,46.48,3.1
ORD-2028833,2024-07-05,West,GLS,Apparel,34.27,1.9
ORD-2025382,2024-07-05,Sued,DHL,Books,64.61,2.4
ORD-2024204,2024-07-05,West,DHL,Electronics,137.96,2.0
ORD-2025530,2024-07-05,West,DHL,Electronics,74.26,2.6
ORD-2027986,2024-07-05,Sued,DHL,Home,48.01,1.9
ORD-2027826,2024-07-05,West,GLS,Home,22.14,4.0
ORD-2027954,2024-07-05,West,DHL,Books,43.87,1.9
ORD-2024892,2024-07-05,Sued,DHL,Home,121.21,4.3
ORD-2028460,2024-07-06,Nord,DHL,Books,29.34,2.5
ORD-2024089,2024-07-06,Zentral,GLS,Home,137.72,5.4
ORD-2025679,2024-07-06,West,Hermes,Electronics,55.44,2.1
ORD-2027619,2024-07-06,Zentral,DPD,Home,45.61,4.1
ORD-2025476,2024-07-06,Nord,GLS,Electronics,105.57,4.0
ORD-2025649,2024-07-06,Zentral,DHL,Apparel,112.77,2.2
ORD-2028120,2024-07-06,West,DHL,Electronics,104.9,3.5
ORD-2026828,2024-07-06,Sued,DPD,Books,14.78,1.0
ORD-2026722,2024-07-06,West,DHL,Books,36.48,3.8
ORD-2028074,2024-07-06,Sued,GLS,Apparel,176.4,3.4
ORD-2027585,2024-07-06,West,DPD,Apparel,88.15,2.0
ORD-2027899,2024-07-06,Sued,Hermes,Electronics,15.12,1.0
ORD-2024032,2024-07-06,West,UPS,Apparel,35.71,3.2
ORD-2025287,2024-07-06,Sued,DPD,Electronics,47.79,3.1
ORD-2026493,2024-07-06,Nord,Hermes,Books,41.14,1.6
ORD-2025867,2024-07-06,Zentral,DHL,Electronics,18.28,2.5
ORD-2027811,2024-07-06,Sued,GLS,Home,73.81,3.6
ORD-2027604,2024-07-06,West,DHL,Books,16.47,2.0
ORD-2026257,2024-07-06,West,DHL,Apparel,41.46,1.0
ORD-2026743,2024-07-06,Sued,DPD,Home,113.29,3.1
ORD-2027358,2024-07-06,Zentral,DHL,Electronics,85.89,1.0
ORD-2024344,2024-07-06,West,DHL,Home,97.62,4.0
ORD-2026654,2024-07-07,Nord,DHL,Home,20.21,1.5
ORD-2025210,2024-07-07,Sued,DHL,Electronics,23.22,1.8
ORD-2028100,2024-07-07,West,DPD,Apparel,149.82,3.3
ORD-2028228,2024-07-07,Sued,DHL,Apparel,41.78,2.4
ORD-2024456,2024-07-07,Nord,DHL,Electronics,160.51,3.2
ORD-2027543,2024-07-07,West,Hermes,Apparel,61.18,6.7
ORD-2028883,2024-07-07,West,UPS,Books,192.99,2.9
ORD-2027025,2024-07-07,Zentral,GLS,Home,60.72,2.1
ORD-2024005,2024-07-07,Nord,GLS,Apparel,48.19,3.3
ORD-2027238,2024-07-07,West,DHL,Home,66.83,2.8
ORD-2024650,2024-07-08,Nord,DPD,Home,8.89,3.3
ORD-2024398,2024-07-08,West,DHL,Electronics,12.74,1.8
ORD-2024549,2024-07-08,West,DPD,Electronics,93.29,3.9
ORD-2027106,2024-07-08,West,UPS,Home,54.32,1.7
ORD-2024079,2024-07-08,West,DHL,Electronics,11.7,1.0
ORD-2025363,2024-07-08,Sued,DPD,Electronics,94.05,2.9
ORD-2028143,2024-07-08,Zentral,GLS,Electronics,186.82,2.8
ORD-2024034,2024-07-08,West,Hermes,Food,126.03,7.3
ORD-2026585,2024-07-08,West,Hermes,Apparel,120.35,2.3
ORD-2027042,2024-07-08,Zentral,DPD,Books,31.34,3.5
ORD-2026358,2024-07-08,Ost,GLS,Books,146.62,2.9
ORD-2027241,2024-07-08,Sued,DHL,Apparel,57.68,1.8
ORD-2026444,2024-07-08,Ost,Hermes,Electronics,121.86,3.0
ORD-2024173,2024-07-08,Sued,Hermes,Apparel,26.79,3.3
ORD-2027075,2024-07-09,Sued,DHL,Home,85.6,2.5
ORD-2024346,2024-07-09,Ost,Hermes,Apparel,145.6,1.3
ORD-2028180,2024-07-09,Nord,DHL,Apparel,89.75,1.7
ORD-2027081,2024-07-09,West,GLS,Apparel,192.24,2.6
ORD-2024651,2024-07-09,West,DPD,Apparel,53.62,3.7
ORD-2026658,2024-07-09,West,DHL,Food,40.55,10.7
ORD-2028870,2024-07-09,Ost,DHL,Electronics,85.32,2.8
ORD-2027593,2024-07-09,Sued,UPS,Apparel,202.5,2.7
ORD-2024068,2024-07-09,Sued,GLS,Apparel,176.21,4.0
ORD-2027662,2024-07-09,Nord,GLS,Electronics,27.81,4.0
ORD-2026464,2024-07-09,Ost,DHL,Books,117.11,3.5
ORD-2026494,2024-07-09,West,GLS,Apparel,69.4,2.9
ORD-2025647,2024-07-09,Zentral,Hermes,Electronics,21.74,3.7
ORD-2024787,2024-07-10,Zentral,GLS,Electronics,78.98,2.4
ORD-2025698,2024-07-10,West,GLS,Food,34.57,2.9
ORD-2027268,2024-07-10,Sued,DHL,Books,41.05,2.8
ORD-2026809,2024-07-10,Zentral,GLS,Books,25.76,2.0
ORD-2026927,2024-07-10,West,DHL,Books,32.36,1.9
ORD-2026080,2024-07-10,Ost,DHL,Food,83.49,2.4
ORD-2026515,2024-07-10,Zentral,DHL,Books,47.52,2.6
ORD-2024541,2024-07-10,West,DPD,Home,40.15,2.8
ORD-2027516,2024-07-10,Zentral,DHL,Home,199.85,1.5
ORD-2027249,2024-07-10,Sued,DPD,Apparel,84.61,4.2
ORD-2028213,2024-07-10,West,DPD,Apparel,81.45,4.1
ORD-2024327,2024-07-10,West,GLS,Apparel,40.03,3.3
ORD-2028722,2024-07-10,Sued,DHL,Electronics,131.78,3.6
ORD-2028998,2024-07-10,West,DHL,Apparel,14.32,2.6
ORD-2026755,2024-07-10,Ost,DPD,Electronics,72.48,2.8
ORD-2025707,2024-07-10,Ost,DHL,Home,15.87,2.2
ORD-2024457,2024-07-10,Sued,DHL,Home,15.86,3.3
ORD-2024904,2024-07-10,Zentral,DHL,Home,24.36,4.0
ORD-2024021,2024-07-10,West,DPD,Apparel,93.87,3.1
ORD-2024701,2024-07-10,Sued,DHL,Food,89.09,2.7
ORD-2025370,2024-07-11,Zentral,UPS,Home,134.96,1.8
ORD-2025701,2024-07-11,Nord,Hermes,Apparel,90.65,2.6
ORD-2025525,2024-07-11,Sued,DHL,Apparel,30.93,2.3
ORD-2026055,2024-07-11,West,DHL,Electronics,106.6,3.9
ORD-2027383,2024-07-11,Zentral,UPS,Apparel,36.97,1.2
ORD-2028235,2024-07-11,West,DHL,Books,15.51,1.3
ORD-2028900,2024-07-11,Zentral,DHL,Books,89.88,2.5
ORD-2028621,2024-07-11,Sued,DHL,Apparel,127.45,3.3
ORD-2028059,2024-07-11,Zentral,Hermes,Electronics,89.81,4.8
ORD-2028186,2024-07-12,West,Hermes,Food,25.19,2.6
ORD-2025231,2024-07-12,Zentral,DHL,Apparel,18.55,2.5
ORD-2028659,2024-07-12,Sued,Hermes,Apparel,41.65,1.8
ORD-2024612,2024-07-12,Nord,DHL,Home,103.16,1.2
ORD-2027592,2024-07-12,Nord,DHL,Electronics,14.63,2.1
ORD-2027209,2024-07-12,Zentral,UPS,Food,25.96,1.8
ORD-2027558,2024-07-12,West,DHL,Food,58.48,1.5
ORD-2025831,2024-07-12,Zentral,DHL,Electronics,43.29,3.2
ORD-2024292,2024-07-12,Ost,DPD,Apparel,58.26,3.8
ORD-2024974,2024-07-12,West,DHL,Food,373.01,3.1
ORD-2028096,2024-07-13,Ost,Hermes,Books,17.56,3.7
ORD-2028768,2024-07-13,West,Hermes,Electronics,32.0,2.5
ORD-2027362,2024-07-13,Zentral,DHL,Electronics,12.47,1.9
ORD-2024832,2024-07-13,Nord,Hermes,Food,50.06,8.2
ORD-2027858,2024-07-13,Zentral,DPD,Food,14.18,1.5
ORD-2025736,2024-07-13,Sued,DHL,Electronics,23.32,2.1
ORD-2025973,2024-07-13,Sued,Hermes,Apparel,262.39,6.8
ORD-2025294,2024-07-13,Sued,GLS,Home,27.61,3.6
ORD-2028593,2024-07-13,Zentral,Hermes,Food,99.42,4.7
ORD-2025593,2024-07-13,Sued,GLS,Apparel,123.16,3.7
ORD-2024303,2024-07-13,Nord,Hermes,Books,37.89,6.5
ORD-2024834,2024-07-13,Nord,GLS,Food,179.02,2.0
ORD-2027149,2024-07-14,Sued,DHL,Food,37.19,2.3
ORD-2027380,2024-07-14,Sued,UPS,Electronics,102.04,2.5
ORD-2024532,2024-07-14,Nord,DHL,Food,54.64,2.0
ORD-2026860,2024-07-14,Zentral,GLS,Apparel,32.5,3.8
ORD-2028507,2024-07-14,Sued,DPD,Food,23.97,2.4
ORD-2027427,2024-07-14,Sued,GLS,Books,36.64,4.7
ORD-2026888,2024-07-14,Nord,UPS,Apparel,37.98,2.9
ORD-2026360,2024-07-14,Ost,DPD,Apparel,24.32,16.1
ORD-2027020,2024-07-14,West,DPD,Food,23.19,2.4
ORD-2026500,2024-07-14,West,GLS,Books,26.24,1.1
ORD-2025087,2024-07-14,West,DHL,Apparel,16.17,3.5
ORD-2024417,2024-07-14,Zentral,GLS,Books,50.93,3.3
ORD-2025693,2024-07-14,Zentral,GLS,Apparel,35.4,5.3
ORD-2026276,2024-07-14,Nord,DPD,Electronics,120.47,1.7
ORD-2028281,2024-07-15,Ost,DHL,Electronics,16.07,2.5
ORD-2024742,2024-07-15,Ost,DHL,Electronics,14.31,2.4
ORD-2026961,2024-07-15,Nord,Hermes,Apparel,43.36,1.6
ORD-2028847,2024-07-15,Nord,DHL,Electronics,216.29,1.0
ORD-2024712,2024-07-15,Sued,Hermes,Electronics,25.56,6.3
ORD-2028869,2024-07-15,Ost,Hermes,Home,13.59,6.5
ORD-2025291,2024-07-15,Nord,GLS,Electronics,119.18,1.0
ORD-2028065,2024-07-15,Sued,Hermes,Books,91.7,5.3
ORD-2024219,2024-07-16,West,DHL,Apparel,41.21,1.7
ORD-2025442,2024-07-16,Nord,Hermes,Home,54.1,1.9
ORD-2028190,2024-07-16,Zentral,DPD,Books,48.07,1.7
ORD-2025533,2024-07-16,Sued,DPD,Home,196.53,1.0
ORD-2024945,2024-07-16,West,DHL,Electronics,15.2,1.6
ORD-2024181,2024-07-16,Sued,GLS,Electronics,70.94,4.9
ORD-2026797,2024-07-16,West,DHL,Home,18.88,3.0
ORD-2025192,2024-07-16,Zentral,GLS,Home,52.28,2.5
ORD-2026013,2024-07-16,Nord,GLS,Apparel,68.39,2.6
ORD-2024230,2024-07-16,Ost,DHL,Books,80.74,3.2
ORD-2026774,2024-07-16,Ost,DPD,Apparel,10.8,1.9
ORD-2026904,2024-07-16,Nord,GLS,Home,238.82,2.3
ORD-2027708,2024-07-16,Nord,GLS,Apparel,75.2,4.1
ORD-2026779,2024-07-16,Sued,UPS,Apparel,57.53,3.1
ORD-2025072,2024-07-16,Zentral,GLS,Books,93.22,5.3
ORD-2026111,2024-07-17,Sued,DHL,Food,22.0,2.6
ORD-2028075,2024-07-17,Sued,GLS,Apparel,29.13,1.5
ORD-2025769,2024-07-17,Zentral,UPS,Apparel,12.09,2.6
ORD-2028647,2024-07-17,Nord,DHL,Electronics,54.73,2.3
ORD-2024246,2024-07-17,Sued,DHL,Food,28.44,3.4
ORD-2025543,2024-07-17,Sued,Hermes,Apparel,56.18,6.6
ORD-2027882,2024-07-17,Sued,DHL,Home,14.04,2.4
ORD-2026870,2024-07-17,Nord,GLS,Food,21.74,5.7
ORD-2025455,2024-07-17,West,GLS,Books,75.39,2.9
ORD-2026535,2024-07-18,Sued,Hermes,Electronics,38.66,4.4
ORD-2025443,2024-07-18,Sued,GLS,Electronics,59.91,3.1
ORD-2026545,2024-07-18,Sued,GLS,Electronics,100.33,2.4
ORD-2026287,2024-07-18,Ost,DHL,Books,86.26,1.3
ORD-2025128,2024-07-18,Ost,DHL,Apparel,25.97,3.3
ORD-2027587,2024-07-19,Nord,Hermes,Home,102.35,3.5
ORD-2027122,2024-07-19,Sued,UPS,Home,66.36,1.3
ORD-2028574,2024-07-19,West,UPS,Apparel,92.53,2.5
ORD-2025406,2024-07-19,Sued,UPS,Apparel,138.1,2.3
ORD-2025324,2024-07-19,Zentral,DHL,Home,32.74,1.3
ORD-2024111,2024-07-19,Nord,Hermes,Home,81.6,2.5
ORD-2027176,2024-07-19,Nord,GLS,Books,39.87,5.0
ORD-2024234,2024-07-19,Nord,DHL,Books,45.38,2.9
ORD-2025403,2024-07-19,West,DPD,Books,17.23,4.3
ORD-2027068,2024-07-19,Sued,UPS,Home,133.26,2.5
ORD-2024703,2024-07-19,West,DHL,Apparel,103.47,2.9
ORD-2027729,2024-07-19,Nord,DHL,Apparel,12.14,1.1
ORD-2028712,2024-07-19,Sued,DHL,Electronics,101.66,2.2
ORD-2027429,2024-07-19,West,DHL,Home,25.97,2.8
ORD-2027323,2024-07-19,Sued,DHL,Electronics,42.52,2.6
ORD-2027926,2024-07-20,Ost,DHL,Electronics,32.2,2.0
ORD-2025820,2024-07-20,Ost,Hermes,Apparel,25.85,1.5
ORD-2028161,2024-07-20,West,DPD,Home,17.68,3.1
ORD-2028496,2024-07-20,Sued,DHL,Apparel,117.86,1.7
ORD-2026719,2024-07-20,Nord,UPS,Apparel,66.8,3.3
ORD-2027316,2024-07-20,Sued,DHL,Food,131.98,2.4
ORD-2027388,2024-07-20,Sued,DHL,Books,107.43,3.6
ORD-2024072,2024-07-20,Zentral,DPD,Apparel,41.67,3.1
ORD-2024634,2024-07-20,Sued,DHL,Electronics,56.84,2.9
ORD-2025898,2024-07-20,West,DPD,Home,59.19,1.4
ORD-2025308,2024-07-20,Sued,DHL,Apparel,24.92,3.7
ORD-2024750,2024-07-20,West,GLS,Apparel,50.11,3.9
ORD-2028305,2024-07-20,Zentral,DHL,Home,58.41,2.5
ORD-2026223,2024-07-20,Ost,DPD,Apparel,37.62,1.5
ORD-2024907,2024-07-20,Zentral,DHL,Apparel,63.36,2.4
ORD-2028299,2024-07-20,Zentral,DHL,Apparel,24.48,1.2
ORD-2025170,2024-07-20,Ost,DHL,Food,60.62,2.5
ORD-2026530,2024-07-21,Sued,DHL,Electronics,25.99,2.9
ORD-2027143,2024-07-21,Sued,DPD,Apparel,63.92,4.5
ORD-2026867,2024-07-21,Zentral,Hermes,Books,212.28,1.7
ORD-2024665,2024-07-21,West,Hermes,Home,34.54,3.9
ORD-2028056,2024-07-21,Sued,GLS,Apparel,13.79,3.6
ORD-2024222,2024-07-21,Sued,DHL,Apparel,112.05,2.5
ORD-2028417,2024-07-21,Nord,GLS,Home,23.2,3.5
ORD-2027515,2024-07-21,Ost,DHL,Electronics,46.27,3.4
ORD-2028881,2024-07-21,Nord,Hermes,Food,239.02,2.9
ORD-2024976,2024-07-21,Nord,Hermes,Food,93.81,3.6
ORD-2026153,2024-07-21,Zentral,DHL,Electronics,33.12,2.8
ORD-2026634,2024-07-21,Nord,Hermes,Apparel,158.71,4.5
ORD-2025710,2024-07-22,West,DHL,Electronics,32.32,2.4
ORD-2024473,2024-07-22,Ost,Hermes,Home,33.44,6.1
ORD-2028316,2024-07-22,Sued,DHL,Books,42.54,2.2
ORD-2025994,2024-07-22,Ost,GLS,Home,24.39,2.7
ORD-2027396,2024-07-22,Sued,DPD,Home,87.93,6.5
ORD-2025849,2024-07-22,Nord,GLS,Books,35.62,2.2
ORD-2027557,2024-07-22,Zentral,DHL,Home,49.89,2.4
ORD-2028751,2024-07-22,Zentral,UPS,Home,11.18,2.4
ORD-2028664,2024-07-22,West,DHL,Home,154.66,2.9
ORD-2028242,2024-07-22,Sued,DHL,Books,82.6,2.8
ORD-2027676,2024-07-22,Ost,DPD,Books,56.85,1.8
ORD-2028786,2024-07-22,Nord,DPD,Apparel,230.99,3.2
ORD-2027862,2024-07-23,Nord,DPD,Apparel,55.96,3.1
ORD-2028601,2024-07-23,Nord,UPS,Books,40.13,2.1
ORD-2026847,2024-07-23,Ost,DPD,Home,20.69,3.8
ORD-2027664,2024-07-23,Zentral,DHL,Electronics,114.72,2.6
ORD-2028476,2024-07-23,Zentral,Hermes,Home,173.27,7.8
ORD-2024758,2024-07-23,West,Hermes,Electronics,16.97,4.9
ORD-2025791,2024-07-23,West,DHL,Home,57.07,2.3
ORD-2024817,2024-07-23,West,DHL,Apparel,91.92,2.0
ORD-2028254,2024-07-24,Nord,Hermes,Apparel,51.33,1.4
ORD-2025665,2024-07-24,Sued,DHL,Home,16.6,1.1
ORD-2026388,2024-07-24,Nord,DHL,Apparel,48.71,3.5
ORD-2024059,2024-07-24,West,UPS,Food,90.96,3.1
ORD-2026019,2024-07-24,West,Hermes,Electronics,113.42,6.2
ORD-2027126,2024-07-24,West,GLS,Books,218.18,6.8
ORD-2028648,2024-07-24,Nord,DHL,Electronics,45.28,3.0
ORD-2025778,2024-07-24,Zentral,UPS,Electronics,14.79,2.1
ORD-2028689,2024-07-24,Zentral,GLS,Books,29.24,4.8
ORD-2028147,2024-07-24,Ost,DPD,Books,167.38,1.4
ORD-2028578,2024-07-24,Zentral,DHL,Electronics,76.75,1.2
ORD-2024573,2024-07-24,Nord,GLS,Apparel,33.46,1.6
ORD-2028037,2024-07-24,Ost,GLS,Food,86.71,4.7
ORD-2028911,2024-07-25,West,GLS,Electronics,14.29,4.4
ORD-2028754,2024-07-25,Nord,DHL,Books,16.46,2.2
ORD-2028486,2024-07-25,Ost,Hermes,Apparel,14.49,3.7
ORD-2028841,2024-07-25,Sued,Hermes,Food,70.66,3.1
ORD-2024133,2024-07-25,Nord,DHL,Apparel,21.63,2.4
ORD-2024781,2024-07-25,Nord,DHL,Home,26.56,1.9
ORD-2026001,2024-07-25,Nord,Hermes,Food,100.97,4.5
ORD-2028780,2024-07-25,Sued,Hermes,Food,64.21,1.6
ORD-2028629,2024-07-25,Ost,DHL,Books,155.11,2.4
ORD-2025902,2024-07-25,Sued,DHL,Books,30.06,2.4
ORD-2028709,2024-07-25,Ost,DPD,Electronics,9.35,3.8
ORD-2024880,2024-07-25,Ost,Hermes,Home,36.15,3.4
ORD-2028963,2024-07-25,West,DHL,Electronics,81.82,2.0
ORD-2028344,2024-07-25,West,Hermes,Apparel,108.65,3.7
ORD-2027092,2024-07-25,Zentral,GLS,Apparel,175.38,2.8
ORD-2026313,2024-07-26,West,GLS,Books,73.1,4.7
ORD-2025757,2024-07-26,Sued,DHL,Books,79.65,4.4
ORD-2024082,2024-07-26,West,UPS,Electronics,66.64,2.8
ORD-2024274,2024-07-26,Nord,DHL,Apparel,47.08,4.3
ORD-2028846,2024-07-26,Ost,DHL,Electronics,515.05,3.1
ORD-2028322,2024-07-26,Ost,GLS,Home,92.51,2.3
ORD-2027842,2024-07-26,Ost,DHL,Apparel,9.88,1.6
ORD-2025861,2024-07-26,Sued,DPD,Apparel,130.67,2.7
ORD-2024295,2024-07-26,Sued,DHL,Apparel,46.55,2.9
ORD-2026211,2024-07-26,West,Hermes,Books,84.26,2.5
ORD-2027545,2024-07-26,West,GLS,Food,84.74,3.6
ORD-2025317,2024-07-27,Sued,UPS,Books,78.66,3.0
ORD-2026696,2024-07-27,West,GLS,Electronics,31.55,3.5
ORD-2027937,2024-07-27,Nord,DPD,Apparel,84.62,4.8
ORD-2028567,2024-07-27,Zentral,DHL,Home,65.21,3.2
ORD-2025792,2024-07-27,Nord,DHL,Home,84.34,10.3
ORD-2028442,2024-07-27,Zentral,DHL,Home,55.28,2.5
ORD-2027686,2024-07-27,Zentral,DHL,Electronics,48.31,2.5
ORD-2025315,2024-07-27,Nord,Hermes,Apparel,28.93,1.3
ORD-2028938,2024-07-27,Ost,DHL,Apparel,63.81,1.7
ORD-2026300,2024-07-27,West,Hermes,Books,116.8,5.1
ORD-2028905,2024-07-27,Ost,Hermes,Books,62.61,3.4
ORD-2028719,2024-07-27,West,DHL,Apparel,22.09,3.4
ORD-2028887,2024-07-28,Sued,DHL,Electronics,13.06,2.5
ORD-2027219,2024-07-28,Nord,DHL,Apparel,35.3,2.1
ORD-2028259,2024-07-28,West,UPS,Books,29.53,1.9
ORD-2025137,2024-07-28,Zentral,DPD,Food,46.28,4.3
ORD-2027093,2024-07-28,West,Hermes,Books,64.26,5.0
ORD-2026975,2024-07-28,West,DHL,Electronics,443.41,2.6
ORD-2025181,2024-07-28,Sued,Hermes,Electronics,14.2,4.0
ORD-2025704,2024-07-28,Nord,GLS,Apparel,49.69,2.3
ORD-2027320,2024-07-28,Nord,Hermes,Home,66.11,7.6
ORD-2027749,2024-07-28,West,DHL,Books,46.49,2.6
ORD-2025488,2024-07-28,Zentral,UPS,Electronics,21.28,1.6
ORD-2027924,2024-07-28,Sued,Hermes,Electronics,54.95,5.4
ORD-2027028,2024-07-29,Sued,GLS,Books,66.94,5.9
ORD-2025890,2024-07-29,Ost,GLS,Food,19.29,3.1
ORD-2028721,2024-07-29,Zentral,DHL,Electronics,46.71,2.7
ORD-2028863,2024-07-29,Ost,Hermes,Apparel,112.6,6.7
ORD-2026558,2024-07-29,Sued,DHL,Home,21.74,1.9
ORD-2025218,2024-07-29,West,Hermes,Home,34.45,5.9
ORD-2026747,2024-07-29,West,DHL,Books,122.01,2.3
ORD-2027732,2024-07-29,Sued,DHL,Apparel,12.37,1.2
ORD-2026705,2024-07-29,Zentral,DHL,Books,46.92,2.4
ORD-2027062,2024-07-30,Nord,Hermes,Electronics,64.46,2.1
ORD-2028404,2024-07-30,Sued,DHL,Food,196.01,3.3
ORD-2028955,2024-07-30,Sued,Hermes,Apparel,76.52,1.8
ORD-2024704,2024-07-30,West,Hermes,Apparel,14.05,4.5
ORD-2028130,2024-07-30,Sued,Hermes,Home,20.85,9.5
ORD-2024917,2024-07-30,West,DPD,Electronics,44.94,1.9
ORD-2024985,2024-07-30,Nord,DHL,Apparel,69.8,2.9
ORD-2025042,2024-07-31,Ost,DPD,Food,30.08,3.8
ORD-2024664,2024-07-31,Ost,DPD,Books,5.0,4.1
ORD-2026611,2024-07-31,Nord,DPD,Electronics,83.78,3.9
ORD-2028534,2024-07-31,Ost,UPS,Home,175.67,2.2
ORD-2026939,2024-07-31,Zentral,Hermes,Apparel,58.67,3.4
ORD-2026107,2024-07-31,Zentral,GLS,Apparel,122.48,5.4
ORD-2026834,2024-07-31,Ost,DHL,Apparel,68.71,2.2
ORD-2026485,2024-07-31,Nord,UPS,Food,6.34,2.6
ORD-2025907,2024-07-31,Sued,DPD,Electronics,23.1,3.6
ORD-2027719,2024-07-31,Zentral,Hermes,Apparel,543.35,2.8
ORD-2024081,2024-07-31,Nord,UPS,Books,312.08,2.1
ORD-2027032,2024-07-31,West,DHL,Home,44.66,2.8
ORD-2026646,2024-07-31,West,DPD,Books,195.94,3.0
ORD-2027343,2024-07-31,Sued,Hermes,Apparel,51.19,2.3
ORD-2026487,2024-07-31,Zentral,DHL,Home,206.76,2.6
ORD-2028154,2024-07-31,Sued,DPD,Home,13.04,4.3
ORD-2026200,2024-08-01,West,DHL,Apparel,64.48,2.5
ORD-2024884,2024-08-01,Sued,Hermes,Food,24.22,2.7
ORD-2027468,2024-08-01,Zentral,DHL,Food,65.92,3.1
ORD-2026941,2024-08-01,Zentral,DHL,Electronics,243.94,1.9
ORD-2026534,2024-08-01,Nord,Hermes,Electronics,130.07,4.0
ORD-2028169,2024-08-01,Sued,DPD,Books,35.53,3.0
ORD-2025155,2024-08-01,Zentral,GLS,Apparel,160.92,3.5
ORD-2027217,2024-08-01,West,GLS,Home,40.64,1.0
ORD-2028547,2024-08-01,Nord,DHL,Apparel,208.1,1.2
ORD-2028280,2024-08-01,Sued,DHL,Home,51.68,2.9
ORD-2027854,2024-08-01,Sued,UPS,Books,124.05,2.3
ORD-2026936,2024-08-01,West,DHL,Apparel,151.68,3.1
ORD-2025786,2024-08-01,Sued,Hermes,Books,72.4,1.5
ORD-2027684,2024-08-01,Zentral,DHL,Home,125.43,2.1
ORD-2028903,2024-08-01,Nord,GLS,Home,77.76,3.5
ORD-2028478,2024-08-01,West,DPD,Books,18.36,3.7
ORD-2024863,2024-08-01,Nord,Hermes,Electronics,40.14,4.6
ORD-2027549,2024-08-01,Ost,DHL,Food,71.58,3.0
ORD-2024122,2024-08-01,Sued,Hermes,Apparel,56.45,3.1
ORD-2025807,2024-08-01,Zentral,Hermes,Apparel,229.75,6.3
ORD-2027644,2024-08-01,Sued,Hermes,Books,22.81,3.9
ORD-2027117,2024-08-02,Zentral,Hermes,Electronics,49.77,5.1
ORD-2025333,2024-08-02,Nord,DHL,Apparel,51.05,2.3
ORD-2025565,2024-08-02,Nord,DHL,Electronics,24.62,1.6
ORD-2025467,2024-08-02,Ost,DHL,Books,93.46,3.2
ORD-2027626,2024-08-02,West,DHL,Home,41.93,3.4
ORD-2024009,2024-08-02,Sued,DPD,Food,16.01,2.3
ORD-2026296,2024-08-02,Zentral,DHL,Books,42.36,2.8
ORD-2028730,2024-08-02,Zentral,Hermes,Home,190.1,6.9
ORD-2025217,2024-08-02,Ost,DHL,Electronics,162.47,3.9
ORD-2028950,2024-08-02,West,GLS,Home,26.58,4.0
ORD-2024077,2024-08-02,Nord,UPS,Food,109.1,2.4
ORD-2024594,2024-08-02,Sued,DPD,Home,31.8,2.1
ORD-2025312,2024-08-02,Zentral,GLS,Apparel,32.92,3.7
ORD-2025441,2024-08-02,Ost,DHL,Home,137.69,3.6
ORD-2028291,2024-08-02,Zentral,DHL,Home,56.49,1.7
ORD-2024524,2024-08-02,Zentral,DHL,Apparel,87.66,2.4
ORD-2024392,2024-08-02,West,Hermes,Electronics,51.15,3.9
ORD-2027294,2024-08-02,West,DHL,Electronics,114.22,3.5
ORD-2028289,2024-08-02,West,DPD,Apparel,52.28,4.6
ORD-2027033,2024-08-03,West,Hermes,Home,64.16,3.7
ORD-2027898,2024-08-03,Sued,GLS,Home,30.81,3.9
ORD-2026024,2024-08-03,Sued,DHL,Food,52.9,3.4
ORD-2028001,2024-08-03,West,Hermes,Food,92.02,2.9
ORD-2024117,2024-08-03,Sued,DHL,Apparel,69.96,2.8
ORD-2028230,2024-08-03,West,GLS,Electronics,95.45,3.2
ORD-2025101,2024-08-03,Zentral,DHL,Electronics,104.58,1.8
ORD-2027764,2024-08-03,Sued,DHL,Home,14.09,1.6
ORD-2025630,2024-08-03,Nord,UPS,Apparel,70.66,2.0
ORD-2026732,2024-08-03,Zentral,DPD,Food,83.35,2.3
ORD-2027179,2024-08-03,Zentral,DHL,Food,24.49,2.4
ORD-2026376,2024-08-03,Ost,DHL,Food,99.23,1.8
ORD-2027514,2024-08-03,Sued,GLS,Home,103.61,3.6
ORD-2028985,2024-08-03,Zentral,DHL,Apparel,61.87,3.8
ORD-2025576,2024-08-03,Zentral,DHL,Books,50.72,3.5
ORD-2024888,2024-08-03,West,Hermes,Home,80.23,4.2
ORD-2025436,2024-08-03,Ost,DHL,Food,41.75,3.0
ORD-2028181,2024-08-04,Zentral,DHL,Apparel,22.91,3.5
ORD-2025803,2024-08-04,West,DHL,Apparel,46.24,3.0
ORD-2026028,2024-08-04,Sued,DHL,Books,60.09,2.6
ORD-2024563,2024-08-04,Nord,DHL,Food,70.97,2.2
ORD-2024536,2024-08-04,Sued,GLS,Home,35.89,3.8
ORD-2026846,2024-08-04,West,Hermes,Electronics,11.5,1.4
ORD-2025410,2024-08-04,West,DHL,Electronics,66.91,2.4
ORD-2024732,2024-08-04,West,DHL,Food,124.7,2.0
ORD-2028803,2024-08-04,Ost,DHL,Electronics,22.37,3.0
ORD-2024087,2024-08-04,Sued,DHL,Apparel,40.79,4.2
ORD-2024556,2024-08-04,West,Hermes,Food,106.44,4.2
ORD-2027715,2024-08-04,Zentral,UPS,Food,194.15,2.3
ORD-2027852,2024-08-04,Nord,DPD,Home,99.22,1.9
ORD-2024623,2024-08-04,Zentral,DPD,Home,154.04,2.7
ORD-2026583,2024-08-04,Zentral,Hermes,Apparel,60.03,4.4
ORD-2024069,2024-08-05,Sued,DHL,Apparel,149.66,1.3
ORD-2026261,2024-08-05,West,DHL,Electronics,182.27,2.9
ORD-2027223,2024-08-05,West,GLS,Food,42.09,2.7
ORD-2024217,2024-08-05,Zentral,DHL,Apparel,36.68,2.4
ORD-2027041,2024-08-05,West,DHL,Food,83.84,2.9
ORD-2024129,2024-08-05,Nord,Hermes,Home,24.71,5.9
ORD-2026058,2024-08-05,Nord,DHL,Home,101.91,2.2
ORD-2024474,2024-08-05,West,Hermes,Apparel,29.18,1.7
ORD-2028302,2024-08-05,West,UPS,Electronics,27.65,2.1
ORD-2024856,2024-08-05,Sued,UPS,Electronics,46.1,1.0
ORD-2025557,2024-08-05,Nord,DHL,Home,71.15,1.0
ORD-2026881,2024-08-05,Ost,DHL,Apparel,158.27,3.5
ORD-2028757,2024-08-05,West,DHL,Apparel,43.85,2.5
ORD-2027865,2024-08-05,Sued,DHL,Food,35.62,3.3
ORD-2027713,2024-08-05,Zentral,DHL,Books,24.53,2.9
ORD-2025134,2024-08-05,West,DPD,Home,22.65,4.2
ORD-2028314,2024-08-06,Nord,DHL,Apparel,121.66,3.6
ORD-2026476,2024-08-06,Zentral,Hermes,Electronics,42.88,6.4
ORD-2027098,2024-08-06,West,DPD,Apparel,23.22,4.4
ORD-2026686,2024-08-06,West,DHL,Books,54.62,2.6
ORD-2027520,2024-08-06,Ost,DPD,Apparel,19.2,3.1
ORD-2025356,2024-08-06,Sued,DPD,Home,99.83,5.6
ORD-2028331,2024-08-06,Zentral,GLS,Electronics,28.34,5.5
ORD-2025697,2024-08-06,Ost,DHL,Home,150.44,3.5
ORD-2028670,2024-08-07,West,Hermes,Electronics,79.85,3.2
ORD-2024468,2024-08-07,West,DPD,Home,38.24,3.0
ORD-2026840,2024-08-07,Sued,UPS,Electronics,131.05,1.6
ORD-2024705,2024-08-07,Sued,DPD,Electronics,13.24,4.9
ORD-2024208,2024-08-07,West,Hermes,Home,88.99,16.2
ORD-2024642,2024-08-07,West,DHL,Apparel,49.4,3.0
ORD-2026079,2024-08-07,Sued,DHL,Apparel,121.31,3.5
ORD-2028729,2024-08-07,Nord,DPD,Food,25.77,1.3
ORD-2026987,2024-08-07,Sued,DHL,Books,291.49,2.3
ORD-2024331,2024-08-07,Sued,DPD,Home,37.81,3.5
ORD-2026201,2024-08-07,West,DHL,Apparel,64.15,4.1
ORD-2024966,2024-08-07,West,Hermes,Books,27.83,2.5
ORD-2025912,2024-08-07,Sued,DHL,Apparel,161.18,3.7
ORD-2024697,2024-08-07,West,DHL,Home,28.42,2.4
ORD-2026838,2024-08-07,Zentral,GLS,Apparel,55.87,1.0
ORD-2026570,2024-08-07,Nord,DPD,Books,360.44,3.0
ORD-2025882,2024-08-08,Sued,DPD,Electronics,22.35,3.8
ORD-2028681,2024-08-08,Ost,Hermes,Apparel,22.65,4.2
ORD-2026457,2024-08-08,Ost,DPD,Apparel,48.27,2.1
ORD-2026729,2024-08-08,Zentral,Hermes,Home,98.08,2.4
ORD-2026509,2024-08-08,Nord,DPD,Books,233.17,2.5
ORD-2026130,2024-08-08,West,Hermes,Home,146.82,4.5
ORD-2024595,2024-08-08,Nord,UPS,Apparel,418.44,1.2
ORD-2028063,2024-08-08,Nord,Hermes,Electronics,12.82,4.7
ORD-2028684,2024-08-08,Sued,GLS,Electronics,120.98,4.3
ORD-2028088,2024-08-08,Nord,UPS,Food,20.44,1.7
ORD-2027631,2024-08-08,Nord,DPD,Food,42.18,1.7
ORD-2026618,2024-08-09,Nord,DHL,Home,52.95,4.1
ORD-2025690,2024-08-09,Sued,DHL,Electronics,86.36,1.7
ORD-2025234,2024-08-09,West,UPS,Electronics,32.74,1.7
ORD-2028965,2024-08-09,Sued,DPD,Electronics,25.19,3.5
ORD-2028770,2024-08-09,Nord,DPD,Apparel,24.71,2.1
ORD-2024480,2024-08-09,West,DHL,Apparel,47.14,2.0
ORD-2025300,2024-08-09,Ost,DHL,Home,76.64,2.2
ORD-2024775,2024-08-09,West,DHL,Apparel,37.22,1.8
ORD-2027565,2024-08-09,Zentral,DPD,Electronics,160.61,1.7
ORD-2028750,2024-08-09,West,Hermes,Books,25.43,3.8
ORD-2027929,2024-08-09,Sued,GLS,Electronics,61.98,2.0
ORD-2027828,2024-08-09,Ost,DPD,Food,9.99,1.0
ORD-2024144,2024-08-09,Zentral,Hermes,Apparel,37.35,3.6
ORD-2028916,2024-08-09,West,GLS,Electronics,26.78,3.0
ORD-2025777,2024-08-09,West,DHL,Home,120.88,1.7
ORD-2027147,2024-08-09,Sued,DHL,Home,67.8,2.1
ORD-2024574,2024-08-10,Zentral,DHL,Books,58.55,1.6
ORD-2025275,2024-08-10,Zentral,Hermes,Food,29.41,4.2
ORD-2027347,2024-08-10,Sued,DHL,Books,112.11,2.5
ORD-2026702,2024-08-10,West,Hermes,Electronics,30.15,3.8
ORD-2024590,2024-08-10,West,DHL,Home,98.04,2.4
ORD-2024963,2024-08-10,Nord,Hermes,Apparel,98.57,1.9
ORD-2028959,2024-08-10,Zentral,Hermes,Home,31.8,7.1
ORD-2026033,2024-08-10,West,Hermes,Apparel,33.3,6.3
ORD-2026572,2024-08-10,Ost,GLS,Apparel,58.16,1.9
ORD-2027928,2024-08-10,Zentral,UPS,Home,25.29,2.1
ORD-2024354,2024-08-10,West,DHL,Electronics,24.35,3.2
ORD-2025847,2024-08-10,Ost,DPD,Apparel,98.31,3.9
ORD-2024490,2024-08-10,West,Hermes,Home,65.82,8.4
ORD-2025469,2024-08-10,Sued,DPD,Electronics,45.25,3.9
ORD-2027011,2024-08-10,Nord,Hermes,Apparel,66.14,7.7
ORD-2025677,2024-08-10,Sued,DHL,Home,18.23,2.2
ORD-2028660,2024-08-11,Sued,Hermes,Home,97.7,2.8
ORD-2024211,2024-08-11,Sued,Hermes,Apparel,54.13,5.7
ORD-2028764,2024-08-11,Nord,DHL,Electronics,83.7,3.6
ORD-2024683,2024-08-11,Ost,UPS,Electronics,14.86,2.0
ORD-2026633,2024-08-11,Zentral,DHL,Food,17.28,3.1
ORD-2027832,2024-08-11,Ost,GLS,Books,85.49,2.3
ORD-2024550,2024-08-11,Sued,DHL,Electronics,45.3,3.7
ORD-2026679,2024-08-11,Sued,DHL,Apparel,170.19,2.4
ORD-2024725,2024-08-11,Ost,DHL,Electronics,18.68,2.8
ORD-2025616,2024-08-11,Sued,GLS,Home,177.35,2.4
ORD-2025215,2024-08-11,Zentral,UPS,Food,49.15,2.5
ORD-2025314,2024-08-11,West,Hermes,Home,102.46,6.0
ORD-2027916,2024-08-11,Ost,GLS,Food,30.71,4.5
ORD-2026116,2024-08-11,West,UPS,Electronics,29.85,2.0
ORD-2025686,2024-08-11,Sued,DPD,Books,104.2,3.6
ORD-2027435,2024-08-11,Ost,DPD,Apparel,53.48,2.8
ORD-2025669,2024-08-11,West,DHL,Electronics,53.42,3.1
ORD-2027308,2024-08-12,Nord,GLS,Books,38.26,4.9
ORD-2024174,2024-08-12,Sued,DHL,Food,59.98,2.8
ORD-2024212,2024-08-12,West,DHL,Food,43.23,4.4
ORD-2024185,2024-08-12,Sued,Hermes,Electronics,25.2,6.0
ORD-2024986,2024-08-12,Zentral,DHL,Books,123.18,2.1
ORD-2028412,2024-08-12,West,Hermes,Apparel,34.15,9.1
ORD-2027851,2024-08-12,Sued,DHL,Books,72.92,3.0
ORD-2025067,2024-08-12,West,GLS,Apparel,76.27,3.3
ORD-2027534,2024-08-12,Nord,GLS,Books,103.57,4.2
ORD-2025824,2024-08-12,Zentral,DHL,Apparel,39.81,3.3
ORD-2027095,2024-08-12,West,DHL,Apparel,25.67,2.2
ORD-2025938,2024-08-12,Nord,GLS,Home,34.21,3.8
ORD-2025301,2024-08-13,Nord,DHL,Apparel,36.04,2.2
ORD-2027861,2024-08-13,Nord,DHL,Food,16.22,3.1
ORD-2024789,2024-08-13,Ost,Hermes,Home,54.06,2.5
ORD-2027914,2024-08-13,West,DPD,Apparel,370.84,2.7
ORD-2025541,2024-08-13,Ost,DHL,Home,32.94,2.8
ORD-2025601,2024-08-13,Sued,DHL,Electronics,97.67,3.6
ORD-2025594,2024-08-13,Sued,DPD,Books,121.86,3.9
ORD-2025721,2024-08-13,Ost,DHL,Food,104.35,1.0
ORD-2027034,2024-08-13,Sued,DHL,Food,23.37,2.0
ORD-2024317,2024-08-13,Nord,Hermes,Home,44.62,2.5
ORD-2026599,2024-08-13,Nord,DPD,Electronics,176.38,3.9
ORD-2025555,2024-08-13,Nord,DHL,Apparel,56.97,3.5
ORD-2026232,2024-08-13,Sued,Hermes,Home,19.25,5.1
ORD-2024938,2024-08-13,Sued,GLS,Electronics,53.97,6.1
ORD-2026344,2024-08-13,Ost,DHL,Electronics,60.71,4.0
ORD-2025493,2024-08-14,Nord,GLS,Home,42.77,1.5
ORD-2026713,2024-08-14,West,DHL,Home,27.53,2.0
ORD-2026507,2024-08-14,Nord,DPD,Food,187.82,2.9
ORD-2025502,2024-08-14,West,GLS,Apparel,203.72,2.5
ORD-2024542,2024-08-14,Ost,GLS,Home,128.76,4.0
ORD-2024902,2024-08-14,Sued,DPD,Home,44.39,2.5
ORD-2024124,2024-08-14,West,DHL,Electronics,7.62,1.9
ORD-2026955,2024-08-14,West,Hermes,Apparel,89.99,7.8
ORD-2024286,2024-08-14,Sued,DHL,Electronics,346.81,3.2
ORD-2027083,2024-08-14,Sued,DHL,Apparel,90.1,3.2
ORD-2025579,2024-08-14,West,Hermes,Electronics,79.28,2.4
ORD-2025385,2024-08-14,Sued,Hermes,Apparel,159.66,4.5
ORD-2025713,2024-08-14,Zentral,GLS,Apparel,28.41,6.2
ORD-2027780,2024-08-14,Nord,DPD,Apparel,54.57,3.4
ORD-2025399,2024-08-14,Ost,DHL,Apparel,40.03,1.9
ORD-2024669,2024-08-14,Zentral,Hermes,Books,20.1,7.1
ORD-2027745,2024-08-14,West,DHL,Apparel,56.38,2.7
ORD-2027024,2024-08-14,West,DHL,Books,54.59,2.6
ORD-2027145,2024-08-14,Ost,DHL,Apparel,12.93,1.9
ORD-2028150,2024-08-15,Nord,Hermes,Home,107.13,4.4
ORD-2028016,2024-08-15,Zentral,Hermes,Apparel,87.52,5.2
ORD-2027810,2024-08-15,Ost,Hermes,Apparel,38.13,1.7
ORD-2024700,2024-08-15,Nord,DPD,Food,34.31,3.8
ORD-2027511,2024-08-15,Sued,DHL,Home,11.89,1.7
ORD-2025782,2024-08-15,Sued,Hermes,Electronics,34.97,5.1
ORD-2027845,2024-08-15,Nord,UPS,Apparel,34.63,1.3
ORD-2026758,2024-08-15,Zentral,Hermes,Books,147.54,4.7
ORD-2025099,2024-08-15,Zentral,DPD,Home,62.29,2.3
ORD-2024925,2024-08-15,Ost,DHL,Books,18.48,3.5
ORD-2026556,2024-08-15,Ost,UPS,Apparel,61.3,2.5
ORD-2026138,2024-08-15,West,DHL,Electronics,151.3,2.3
ORD-2025923,2024-08-15,Sued,DHL,Electronics,92.67,1.7
ORD-2026852,2024-08-15,West,DHL,Electronics,31.08,2.3
ORD-2025037,2024-08-16,West,DHL,Food,76.31,2.0
ORD-2026733,2024-08-16,Nord,DHL,Home,16.77,1.0
ORD-2025966,2024-08-16,Ost,DHL,Food,294.48,1.0
ORD-2026471,2024-08-16,Zentral,UPS,Apparel,30.45,2.4
ORD-2024941,2024-08-16,Ost,GLS,Home,117.48,2.0
ORD-2024667,2024-08-16,Sued,Hermes,Food,42.22,4.6
ORD-2027750,2024-08-16,Sued,DHL,Apparel,26.89,3.0
ORD-2024961,2024-08-16,West,Hermes,Apparel,44.62,2.0
ORD-2026667,2024-08-16,Ost,DHL,Books,301.17,1.9
ORD-2024438,2024-08-16,Sued,DHL,Books,50.84,3.5
ORD-2025260,2024-08-16,Sued,Hermes,Electronics,16.37,2.5
ORD-2026269,2024-08-16,Zentral,UPS,Apparel,41.01,3.8
ORD-2025418,2024-08-16,Ost,DHL,Books,190.2,2.5
ORD-2024782,2024-08-16,West,GLS,Electronics,69.18,2.9
ORD-2024311,2024-08-17,West,DPD,Electronics,61.56,2.7
ORD-2028926,2024-08-17,Zentral,UPS,Electronics,50.89,1.3
ORD-2026286,2024-08-17,Zentral,Hermes,Electronics,65.2,3.9
ORD-2024604,2024-08-17,West,Hermes,Home,42.97,3.7
ORD-2028810,2024-08-17,Zentral,Hermes,Apparel,30.93,2.7
ORD-2026716,2024-08-17,Ost,Hermes,Apparel,22.54,2.7
ORD-2026478,2024-08-17,Zentral,UPS,Apparel,44.92,2.6
ORD-2028333,2024-08-17,Sued,DHL,Apparel,145.7,3.7
ORD-2028461,2024-08-17,Sued,UPS,Home,59.97,3.5
ORD-2027813,2024-08-17,Ost,GLS,Home,28.08,4.8
ORD-2025956,2024-08-18,Nord,DHL,Apparel,72.14,2.2
ORD-2025959,2024-08-18,Sued,DHL,Apparel,41.65,3.1
ORD-2026816,2024-08-18,Nord,DHL,Electronics,27.72,3.4
ORD-2024172,2024-08-18,West,DPD,Home,11.14,1.5
ORD-2027632,2024-08-18,Zentral,GLS,Home,31.83,4.1
ORD-2026460,2024-08-18,Nord,GLS,Food,129.11,4.0
ORD-2026339,2024-08-18,Zentral,DHL,Home,21.0,3.0
ORD-2025081,2024-08-18,Sued,GLS,Food,25.04,3.0
ORD-2026685,2024-08-18,Nord,Hermes,Books,221.3,4.5
ORD-2024140,2024-08-18,West,DHL,Food,76.42,2.7
ORD-2024910,2024-08-18,Ost,Hermes,Apparel,103.06,2.4
ORD-2024145,2024-08-18,Sued,DHL,Apparel,50.43,2.6
ORD-2024107,2024-08-18,Zentral,Hermes,Apparel,43.92,6.0
ORD-2028967,2024-08-18,Sued,DPD,Apparel,59.97,6.0
ORD-2028806,2024-08-19,Zentral,GLS,Home,74.8,4.2
ORD-2026268,2024-08-19,Sued,DHL,Home,16.37,2.5
ORD-2026554,2024-08-19,West,Hermes,Home,93.35,1.5
ORD-2028656,2024-08-19,Zentral,GLS,Apparel,153.35,1.5
ORD-2026527,2024-08-19,Sued,DHL,Electronics,94.94,3.5
ORD-2025384,2024-08-19,West,DHL,Books,188.48,3.0
ORD-2026938,2024-08-19,West,UPS,Apparel,54.84,2.2
ORD-2026064,2024-08-19,West,DHL,Books,70.39,3.2
ORD-2027583,2024-08-19,Nord,GLS,Apparel,101.13,2.0
ORD-2026506,2024-08-19,West,Hermes,Electronics,27.99,1.0
ORD-2027194,2024-08-19,Zentral,DHL,Books,88.58,1.8
ORD-2026622,2024-08-20,West,UPS,Apparel,121.04,2.2
ORD-2024921,2024-08-20,Nord,DHL,Apparel,62.1,3.2
ORD-2024193,2024-08-20,Nord,DHL,Books,34.85,1.3
ORD-2025826,2024-08-20,West,GLS,Food,205.97,3.1
ORD-2027254,2024-08-20,Zentral,Hermes,Food,28.28,1.8
ORD-2025674,2024-08-20,Zentral,DHL,Electronics,23.11,4.1
ORD-2027878,2024-08-20,Sued,DHL,Electronics,20.89,2.6
ORD-2024270,2024-08-20,Sued,DPD,Books,113.41,2.3
ORD-2026508,2024-08-20,Ost,UPS,Electronics,16.32,3.3
ORD-2028646,2024-08-20,Nord,DHL,Food,6.55,3.9
ORD-2028351,2024-08-20,Zentral,DHL,Home,47.56,3.0
ORD-2024850,2024-08-20,Zentral,Hermes,Books,20.98,5.4
ORD-2024336,2024-08-20,Sued,UPS,Books,19.0,2.9
ORD-2025685,2024-08-20,Nord,DHL,Apparel,163.89,2.2
ORD-2027636,2024-08-20,Ost,DHL,Apparel,7.71,2.9
ORD-2027829,2024-08-20,Zentral,DHL,Electronics,25.4,2.3
ORD-2024673,2024-08-20,Ost,DPD,Books,40.57,1.8
ORD-2024569,2024-08-20,Nord,DPD,Apparel,104.74,4.0
ORD-2024178,2024-08-20,West,DPD,Books,95.6,4.2
ORD-2028683,2024-08-21,Sued,DPD,Electronics,29.55,1.9
ORD-2026043,2024-08-21,Zentral,UPS,Home,74.71,2.9
ORD-2026691,2024-08-21,West,Hermes,Food,52.67,2.9
ORD-2028511,2024-08-21,Nord,DPD,Home,259.03,4.0
ORD-2025293,2024-08-21,Nord,Hermes,Home,68.09,2.9
ORD-2027410,2024-08-21,West,UPS,Electronics,71.25,3.0
ORD-2028575,2024-08-21,West,DHL,Electronics,87.38,3.2
ORD-2028957,2024-08-21,Nord,DHL,Electronics,31.98,3.8
ORD-2024187,2024-08-21,Zentral,DPD,Books,29.04,3.9
ORD-2027616,2024-08-21,West,Hermes,Apparel,59.54,4.0
ORD-2027720,2024-08-22,Sued,GLS,Home,53.74,2.9
ORD-2026638,2024-08-22,Nord,UPS,Books,79.25,2.2
ORD-2027934,2024-08-22,West,Hermes,Food,146.33,12.4
ORD-2027338,2024-08-22,West,DHL,Electronics,61.83,3.0
ORD-2025652,2024-08-22,West,GLS,Apparel,43.05,3.7
ORD-2028701,2024-08-22,Ost,UPS,Home,59.47,2.2
ORD-2024596,2024-08-22,Sued,DHL,Electronics,68.78,3.0
ORD-2028843,2024-08-22,Sued,UPS,Home,51.04,2.6
ORD-2028569,2024-08-22,Nord,GLS,Electronics,69.32,5.2
ORD-2024819,2024-08-22,Zentral,DHL,Apparel,78.89,4.1
ORD-2028944,2024-08-22,West,Hermes,Home,305.76,5.7
ORD-2025327,2024-08-22,Zentral,Hermes,Home,21.02,11.6
ORD-2027779,2024-08-22,Sued,DHL,Apparel,36.86,2.1
ORD-2025780,2024-08-23,Ost,DPD,Electronics,53.43,1.8
ORD-2028994,2024-08-23,West,Hermes,Apparel,51.1,1.0
ORD-2026632,2024-08-23,Ost,DHL,Apparel,83.53,1.1
ORD-2027746,2024-08-23,West,Hermes,Apparel,56.08,1.8
ORD-2024027,2024-08-23,Zentral,GLS,Apparel,28.79,2.0
ORD-2024930,2024-08-23,West,GLS,Food,62.85,3.8
ORD-2025738,2024-08-23,Sued,UPS,Apparel,24.12,1.9
ORD-2025508,2024-08-23,Sued,DHL,Electronics,33.38,1.7
ORD-2027505,2024-08-23,West,DHL,Home,74.34,3.0
ORD-2025511,2024-08-23,West,DPD,Home,26.6,4.0
ORD-2025023,2024-08-23,West,Hermes,Home,9.16,1.7
ORD-2024774,2024-08-23,Zentral,DHL,Electronics,38.4,2.2
ORD-2026324,2024-08-24,Nord,GLS,Electronics,27.91,3.8
ORD-2027233,2024-08-24,Sued,DHL,Apparel,71.4,4.5
ORD-2024083,2024-08-24,Zentral,DHL,Apparel,66.3,1.2
ORD-2028379,2024-08-24,Nord,DHL,Food,74.08,3.6
ORD-2025627,2024-08-24,Nord,DPD,Home,58.22,3.1
ORD-2026349,2024-08-24,Zentral,DPD,Electronics,64.47,2.5
ORD-2024454,2024-08-24,Sued,GLS,Electronics,85.38,3.5
ORD-2024146,2024-08-24,West,DHL,Food,60.32,3.3
ORD-2025321,2024-08-24,Sued,Hermes,Books,130.97,1.7
ORD-2025360,2024-08-24,Sued,DPD,Electronics,64.99,2.7
ORD-2028520,2024-08-24,Zentral,DHL,Electronics,8.31,3.0
ORD-2025934,2024-08-24,Zentral,GLS,Books,158.29,4.3
ORD-2028062,2024-08-24,Sued,DPD,Electronics,288.71,2.0
ORD-2025050,2024-08-24,West,UPS,Books,39.25,1.0
ORD-2028748,2024-08-24,Zentral,DPD,Electronics,119.15,5.4
ORD-2027762,2024-08-24,Nord,Hermes,Food,142.34,3.8
ORD-2026404,2024-08-25,Sued,DHL,Apparel,56.33,3.7
ORD-2028439,2024-08-25,Zentral,DHL,Books,45.42,3.6
ORD-2024472,2024-08-25,Sued,DHL,Apparel,37.32,2.5
ORD-2026629,2024-08-25,Sued,GLS,Apparel,78.81,2.5
ORD-2024897,2024-08-25,Ost,DHL,Food,7.79,2.7
ORD-2024308,2024-08-25,Ost,DHL,Apparel,86.52,4.3
ORD-2026973,2024-08-25,Zentral,DHL,Apparel,104.71,1.0
ORD-2025879,2024-08-25,Nord,DHL,Apparel,41.64,3.0
ORD-2028549,2024-08-26,Nord,DPD,Food,68.31,3.8
ORD-2024726,2024-08-26,Nord,Hermes,Apparel,16.8,2.9
ORD-2027305,2024-08-26,Zentral,DHL,Books,62.05,1.5
ORD-2024447,2024-08-26,Zentral,DPD,Books,31.31,4.1
ORD-2028665,2024-08-26,Nord,DHL,Apparel,18.14,2.1
ORD-2024864,2024-08-26,Nord,Hermes,Books,67.38,4.9
ORD-2028958,2024-08-26,Ost,DHL,Apparel,43.47,2.3
ORD-2028600,2024-08-26,West,DPD,Apparel,63.13,3.4
ORD-2027524,2024-08-26,Zentral,DHL,Home,184.39,1.8
ORD-2028767,2024-08-26,Sued,DHL,Electronics,35.61,1.3
ORD-2025259,2024-08-26,Sued,DHL,Home,84.52,1.6
ORD-2026369,2024-08-26,Sued,DPD,Apparel,37.31,4.2
ORD-2028947,2024-08-26,Sued,DHL,Food,22.91,1.2
ORD-2024599,2024-08-26,West,DHL,Apparel,81.32,2.6
ORD-2028137,2024-08-26,West,DHL,Home,35.56,3.5
ORD-2025512,2024-08-26,Ost,DHL,Electronics,28.76,2.8
ORD-2025397,2024-08-26,Sued,DHL,Apparel,112.85,2.2
ORD-2024899,2024-08-26,Zentral,DHL,Books,26.31,2.6
ORD-2026165,2024-08-26,Sued,DHL,Apparel,16.24,2.5
ORD-2027283,2024-08-27,Zentral,DHL,Electronics,23.88,2.5
ORD-2028239,2024-08-27,Sued,DHL,Electronics,16.96,3.6
ORD-2027938,2024-08-27,Zentral,DHL,Apparel,29.89,3.0
ORD-2025943,2024-08-27,West,DHL,Home,15.42,1.1
ORD-2024706,2024-08-27,West,DHL,Books,36.13,3.3
ORD-2026777,2024-08-27,Ost,Hermes,Food,37.98,1.6
ORD-2024821,2024-08-27,West,GLS,Apparel,168.41,2.6
ORD-2024231,2024-08-27,Sued,GLS,Apparel,37.04,3.9
ORD-2025558,2024-08-28,Zentral,DHL,Apparel,25.98,2.1
ORD-2028157,2024-08-28,Zentral,DPD,Apparel,138.8,5.5
ORD-2028178,2024-08-28,Sued,DPD,Books,276.15,2.1
ORD-2026255,2024-08-28,Sued,DHL,Food,161.55,3.6
ORD-2027229,2024-08-28,Sued,DHL,Home,176.19,2.7
ORD-2027679,2024-08-28,Ost,UPS,Electronics,21.27,4.0
ORD-2025570,2024-08-28,Sued,DPD,Books,19.96,2.2
ORD-2028027,2024-08-28,West,DHL,Home,82.21,4.2
ORD-2027906,2024-08-28,West,GLS,Home,91.58,4.1
ORD-2028622,2024-08-28,West,DHL,Home,38.25,1.4
ORD-2024141,2024-08-28,Sued,DHL,Home,100.44,2.6
ORD-2026187,2024-08-28,Ost,DHL,Electronics,95.32,2.3
ORD-2028085,2024-08-29,Ost,DPD,Electronics,13.24,3.9
ORD-2024051,2024-08-29,Sued,Hermes,Electronics,10.08,2.8
ORD-2024717,2024-08-29,Nord,DPD,Books,52.23,1.0
ORD-2024641,2024-08-29,Zentral,DHL,Food,15.29,1.0
ORD-2024522,2024-08-29,Zentral,GLS,Apparel,20.09,2.6
ORD-2025821,2024-08-29,Ost,DHL,Books,25.94,8.0
ORD-2026486,2024-08-29,Ost,DPD,Apparel,34.75,3.3
ORD-2025695,2024-08-29,West,DHL,Food,23.91,2.6
ORD-2027518,2024-08-29,Zentral,DPD,Electronics,10.65,1.1
ORD-2028499,2024-08-29,Nord,DHL,Apparel,430.67,3.1
ORD-2028904,2024-08-29,West,GLS,Apparel,13.04,4.0
ORD-2027989,2024-08-29,West,DHL,Books,42.01,2.4
ORD-2026227,2024-08-29,Zentral,DHL,Apparel,28.76,1.6
ORD-2027904,2024-08-29,Sued,DHL,Apparel,27.06,2.5
ORD-2028490,2024-08-29,Sued,Hermes,Home,22.62,4.4
ORD-2026525,2024-08-29,Zentral,DPD,Electronics,62.93,1.6
ORD-2026023,2024-08-29,West,GLS,Food,48.15,2.3
ORD-2025875,2024-08-30,Ost,DHL,Apparel,212.45,2.4
ORD-2025899,2024-08-30,Nord,Hermes,Books,16.76,3.3
ORD-2025552,2024-08-30,West,DPD,Books,41.82,2.9
ORD-2024155,2024-08-30,Nord,DHL,Books,37.09,1.2
ORD-2024958,2024-08-30,West,DHL,Electronics,274.29,2.2
ORD-2025115,2024-08-30,Nord,DHL,Home,100.96,3.1
ORD-2026701,2024-08-30,Zentral,Hermes,Home,38.64,1.0
ORD-2026928,2024-08-30,Zentral,DPD,Electronics,42.58,1.0
ORD-2025928,2024-08-30,Nord,UPS,Apparel,151.42,1.4
ORD-2027310,2024-08-30,Zentral,UPS,Home,37.04,11.3
ORD-2025400,2024-08-31,Ost,DHL,Electronics,51.21,1.9
ORD-2025176,2024-08-31,Ost,DHL,Apparel,44.27,3.6
ORD-2027837,2024-08-31,West,DHL,Apparel,209.26,1.6
ORD-2024039,2024-08-31,Zentral,DHL,Home,131.16,2.4
ORD-2028391,2024-08-31,Sued,DHL,Books,57.34,2.7
ORD-2026367,2024-08-31,Ost,Hermes,Apparel,44.36,5.6
ORD-2028735,2024-09-01,West,GLS,Home,457.87,2.9
ORD-2026014,2024-09-01,Sued,DHL,Electronics,14.75,1.0
ORD-2028603,2024-09-01,Zentral,DHL,Food,86.07,2.4
ORD-2027416,2024-09-01,West,UPS,Food,55.23,1.2
ORD-2026801,2024-09-01,West,Hermes,Food,131.35,4.7
ORD-2028407,2024-09-01,West,DPD,Apparel,43.91,2.6
ORD-2028204,2024-09-01,West,UPS,Apparel,10.53,2.4
ORD-2027974,2024-09-01,West,DHL,Electronics,14.04,2.6
ORD-2025507,2024-09-01,West,DHL,Electronics,124.3,1.6
ORD-2027248,2024-09-01,Ost,DPD,Electronics,41.21,4.5
ORD-2026089,2024-09-01,West,UPS,Books,25.26,1.1
ORD-2028876,2024-09-02,Ost,DHL,Apparel,52.0,4.4
ORD-2026477,2024-09-02,Zentral,DPD,Apparel,31.27,1.7
ORD-2025391,2024-09-02,Sued,DHL,Apparel,121.23,1.2
ORD-2025325,2024-09-02,Zentral,DHL,Books,109.95,2.8
ORD-2028565,2024-09-02,West,Hermes,Electronics,116.9,4.3
ORD-2025930,2024-09-02,Sued,DHL,Books,15.02,1.8
ORD-2028582,2024-09-02,West,DHL,Apparel,42.66,2.8
ORD-2028598,2024-09-02,Zentral,DPD,Apparel,15.84,3.0
ORD-2024485,2024-09-02,Sued,DPD,Electronics,14.16,1.4
ORD-2024370,2024-09-02,Zentral,DPD,Apparel,95.2,3.9
ORD-2027491,2024-09-02,Ost,DHL,Apparel,15.36,3.4
ORD-2027493,2024-09-02,Zentral,Hermes,Books,52.44,3.3
ORD-2026995,2024-09-02,Zentral,DPD,Food,13.17,1.2
ORD-2028580,2024-09-03,Ost,Hermes,Apparel,27.64,7.0
ORD-2024957,2024-09-03,West,DHL,Books,26.58,1.0
ORD-2024802,2024-09-03,West,DPD,Home,39.09,3.0
ORD-2026531,2024-09-03,West,DHL,Home,185.6,2.8
ORD-2024220,2024-09-03,Sued,UPS,Electronics,103.31,2.5
ORD-2024374,2024-09-03,West,Hermes,Books,22.38,3.5
ORD-2027976,2024-09-03,Zentral,DHL,Electronics,165.64,2.0
ORD-2028019,2024-09-03,Ost,DPD,Books,43.12,4.6
ORD-2024461,2024-09-03,Ost,Hermes,Apparel,219.1,2.1
ORD-2027013,2024-09-03,Ost,UPS,Electronics,110.53,1.4
ORD-2028229,2024-09-03,West,DPD,Home,30.81,3.5
ORD-2024500,2024-09-03,Nord,Hermes,Home,32.37,1.0
ORD-2027072,2024-09-03,Nord,DHL,Home,125.06,3.1
ORD-2028557,2024-09-03,Ost,DHL,Home,76.18,3.3
ORD-2025497,2024-09-03,Ost,UPS,Food,47.34,1.2
ORD-2025253,2024-09-03,Zentral,DHL,Home,25.79,3.1
ORD-2026950,2024-09-04,Sued,DHL,Apparel,8.02,2.7
ORD-2027040,2024-09-04,Nord,GLS,Electronics,121.29,1.8
ORD-2026866,2024-09-04,West,DHL,Home,71.1,1.8
ORD-2028398,2024-09-04,West,Hermes,Home,25.71,3.5
ORD-2026332,2024-09-04,West,DHL,Books,121.32,2.5
ORD-2028108,2024-09-04,Ost,GLS,Apparel,30.32,1.5
ORD-2027911,2024-09-04,West,DHL,Electronics,62.83,16.3
ORD-2028018,2024-09-04,West,DHL,Apparel,28.06,3.6
ORD-2027671,2024-09-04,Sued,DHL,Home,27.06,3.5
ORD-2028294,2024-09-04,West,DHL,Apparel,138.46,2.1
ORD-2027065,2024-09-04,West,DPD,Books,79.63,5.0
ORD-2028364,2024-09-04,Sued,GLS,Apparel,93.58,5.4
ORD-2028119,2024-09-05,Zentral,Hermes,Books,21.43,6.1
ORD-2025655,2024-09-05,Sued,DHL,Home,86.94,1.9
ORD-2026354,2024-09-05,Zentral,GLS,Apparel,90.11,3.0
ORD-2027469,2024-09-05,West,GLS,Apparel,151.04,4.6
ORD-2024798,2024-09-05,Ost,Hermes,Electronics,169.27,5.0
ORD-2027517,2024-09-05,Ost,DHL,Electronics,31.34,2.1
ORD-2024538,2024-09-05,West,Hermes,Apparel,36.12,5.4
ORD-2024860,2024-09-05,Zentral,DHL,Apparel,21.05,2.0
ORD-2025258,2024-09-05,Nord,DHL,Home,117.85,1.8
ORD-2024823,2024-09-05,West,DHL,Apparel,30.4,3.5
ORD-2025395,2024-09-06,Zentral,GLS,Apparel,45.81,4.9
ORD-2027510,2024-09-06,Zentral,DPD,Electronics,20.34,3.3
ORD-2027471,2024-09-06,Sued,UPS,Books,73.07,2.4
ORD-2025920,2024-09-06,West,GLS,Electronics,15.54,2.3
ORD-2025458,2024-09-06,Sued,Hermes,Apparel,136.16,6.6
ORD-2024491,2024-09-06,Zentral,DHL,Apparel,205.28,2.3
ORD-2024483,2024-09-06,Zentral,GLS,Electronics,61.14,4.9
ORD-2028713,2024-09-06,West,DHL,Home,34.82,3.1
ORD-2027287,2024-09-06,Ost,DPD,Home,45.84,3.9
ORD-2024767,2024-09-06,Zentral,Hermes,Home,91.25,2.8
ORD-2027450,2024-09-06,Zentral,DHL,Apparel,37.87,3.0
ORD-2026857,2024-09-06,Ost,DHL,Apparel,63.81,2.4
ORD-2027097,2024-09-07,Nord,UPS,Home,75.28,2.2
ORD-2026768,2024-09-07,Ost,Hermes,Apparel,16.98,2.7
ORD-2026025,2024-09-07,West,UPS,Food,42.47,2.1
ORD-2026767,2024-09-07,Ost,DHL,Home,18.6,1.9
ORD-2026003,2024-09-07,Zentral,DHL,Home,32.37,2.7
ORD-2025712,2024-09-07,West,DHL,Books,25.47,1.2
ORD-2025858,2024-09-07,Zentral,DPD,Apparel,28.32,2.9
ORD-2025186,2024-09-07,Sued,GLS,Home,48.16,4.9
ORD-2027129,2024-09-07,West,GLS,Home,50.61,2.4
ORD-2024776,2024-09-07,Sued,DHL,Apparel,88.06,1.7
ORD-2028981,2024-09-07,Sued,Hermes,Apparel,66.21,2.0
ORD-2028627,2024-09-07,Nord,Hermes,Books,181.41,4.9
ORD-2025605,2024-09-07,Zentral,Hermes,Books,114.15,5.0
ORD-2024718,2024-09-07,Sued,DHL,Apparel,31.34,2.3
ORD-2025496,2024-09-07,Sued,DHL,Home,20.14,2.4
ORD-2028196,2024-09-07,Ost,DHL,Apparel,37.98,1.7
ORD-2028003,2024-09-08,Sued,DPD,Books,59.02,1.2
ORD-2027778,2024-09-08,Sued,DHL,Books,148.81,1.7
ORD-2024241,2024-09-08,Zentral,DHL,Food,136.64,1.9
ORD-2024628,2024-09-08,Ost,GLS,Home,53.69,1.9
ORD-2027465,2024-09-08,West,DHL,Electronics,20.68,1.6
ORD-2024788,2024-09-08,West,DPD,Home,26.7,4.0
ORD-2024258,2024-09-08,West,DHL,Home,33.07,3.2
ORD-2028464,2024-09-08,Zentral,DHL,Home,235.98,3.7
ORD-2027950,2024-09-08,Ost,DPD,Books,50.75,11.9
ORD-2024078,2024-09-08,Sued,UPS,Apparel,70.57,2.0
ORD-2026447,2024-09-08,Nord,Hermes,Food,75.33,1.3
ORD-2026504,2024-09-08,Nord,UPS,Home,53.0,1.1
ORD-2024088,2024-09-08,Sued,Hermes,Books,47.93,4.4
ORD-2024666,2024-09-08,Zentral,UPS,Apparel,48.52,1.7
ORD-2027090,2024-09-08,Zentral,DHL,Apparel,65.06,3.6
ORD-2024347,2024-09-09,West,Hermes,Apparel,102.59,2.9
ORD-2026394,2024-09-09,West,Hermes,Apparel,18.98,2.9
ORD-2024026,2024-09-09,Sued,DHL,Electronics,69.03,2.8
ORD-2026437,2024-09-09,Sued,UPS,Electronics,45.43,1.0
ORD-2024521,2024-09-09,Nord,UPS,Books,26.74,2.3
ORD-2024878,2024-09-09,West,DPD,Home,7.96,2.9
ORD-2028830,2024-09-09,Ost,DHL,Apparel,43.15,3.3
ORD-2028628,2024-09-09,Ost,Hermes,Books,98.9,5.0
ORD-2024603,2024-09-09,Sued,DHL,Electronics,17.12,2.1
ORD-2024709,2024-09-09,Ost,DPD,Apparel,41.45,4.4
ORD-2025123,2024-09-10,Ost,DHL,Home,24.28,3.6
ORD-2025086,2024-09-10,Zentral,Hermes,Food,5.08,3.6
ORD-2026737,2024-09-10,Zentral,DHL,Books,8.66,3.3
ORD-2024265,2024-09-10,West,Hermes,Books,25.53,4.0
ORD-2026426,2024-09-10,Ost,DHL,Home,106.71,2.8
ORD-2026244,2024-09-10,Zentral,GLS,Electronics,38.38,2.4
ORD-2026951,2024-09-10,Ost,DHL,Home,13.86,3.9
ORD-2024479,2024-09-10,Sued,DHL,Books,81.78,1.0
ORD-2028114,2024-09-10,Sued,DPD,Apparel,38.63,3.6
ORD-2026795,2024-09-10,Nord,DHL,Food,15.96,12.2
ORD-2028165,2024-09-10,Sued,DHL,Food,50.76,2.6
ORD-2024285,2024-09-10,Ost,DHL,Electronics,53.04,2.3
ORD-2028164,2024-09-11,Sued,UPS,Home,58.52,2.2
ORD-2024225,2024-09-11,Zentral,Hermes,Apparel,75.76,2.9
ORD-2024130,2024-09-11,West,Hermes,Apparel,109.77,5.2
ORD-2026586,2024-09-11,Nord,DPD,Books,112.71,4.2
ORD-2025255,2024-09-11,Sued,DHL,Food,21.43,3.1
ORD-2027159,2024-09-11,Zentral,UPS,Electronics,57.62,1.4
ORD-2027169,2024-09-11,Sued,DHL,Home,73.67,1.0
ORD-2024779,2024-09-11,Zentral,DHL,Apparel,25.67,3.0
ORD-2028807,2024-09-11,West,DHL,Apparel,68.63,3.5
ORD-2027999,2024-09-11,Ost,DHL,Food,58.92,3.1
ORD-2028815,2024-09-12,West,Hermes,Apparel,144.92,3.9
ORD-2027744,2024-09-12,West,DPD,Electronics,25.96,2.1
ORD-2028842,2024-09-12,Nord,GLS,Books,30.7,2.8
ORD-2026466,2024-09-12,West,Hermes,Electronics,33.14,1.7
ORD-2026496,2024-09-12,West,DHL,Apparel,110.5,3.1
ORD-2026574,2024-09-12,Sued,DHL,Electronics,42.02,2.9
ORD-2028703,2024-09-12,West,DPD,Electronics,21.17,2.7
ORD-2024349,2024-09-12,Sued,DHL,Electronics,59.89,2.5
ORD-2026390,2024-09-12,Sued,DPD,Electronics,50.66,1.7
ORD-2028952,2024-09-12,Nord,Hermes,Electronics,63.17,4.7
ORD-2024711,2024-09-12,Zentral,UPS,Electronics,35.65,1.6
ORD-2026635,2024-09-12,Nord,DHL,Home,41.05,3.2
ORD-2025299,2024-09-12,Nord,UPS,Apparel,172.84,3.0
ORD-2028066,2024-09-12,West,DHL,Apparel,74.47,2.5
ORD-2028479,2024-09-12,Sued,DHL,Books,43.77,1.1
ORD-2025228,2024-09-13,West,UPS,Electronics,34.75,1.8
ORD-2027589,2024-09-13,Zentral,UPS,Books,116.97,3.0
ORD-2025214,2024-09-13,Sued,DHL,Electronics,226.73,2.6
ORD-2025746,2024-09-13,Zentral,DHL,Food,26.48,2.4
ORD-2028789,2024-09-13,Ost,Hermes,Apparel,37.47,5.6
ORD-2025157,2024-09-13,Sued,Hermes,Electronics,70.52,3.7
ORD-2025982,2024-09-13,Zentral,DPD,Electronics,15.57,2.5
ORD-2028048,2024-09-13,Nord,DPD,Electronics,91.89,4.3
ORD-2024494,2024-09-13,West,UPS,Electronics,63.1,2.4
ORD-2024874,2024-09-13,Sued,DHL,Books,86.19,2.9
ORD-2027213,2024-09-13,Nord,DHL,Electronics,76.36,2.8
ORD-2024127,2024-09-13,Ost,DHL,Apparel,98.17,1.9
ORD-2026245,2024-09-14,Sued,DHL,Food,105.34,1.7
ORD-2028354,2024-09-14,Sued,UPS,Books,61.86,2.3
ORD-2026644,2024-09-14,Sued,DPD,Home,37.82,2.8
ORD-2027797,2024-09-14,Zentral,UPS,Home,73.22,1.0
ORD-2027335,2024-09-14,Zentral,DPD,Home,116.36,2.3
ORD-2025664,2024-09-14,Sued,DHL,Electronics,438.25,2.5
ORD-2028811,2024-09-14,West,Hermes,Books,38.11,19.9
ORD-2027313,2024-09-14,Ost,GLS,Home,9.38,3.9
ORD-2024018,2024-09-14,West,DPD,Books,39.18,3.8
ORD-2024501,2024-09-14,Zentral,DPD,Books,22.55,2.4
ORD-2028456,2024-09-14,West,UPS,Apparel,95.03,2.1
ORD-2026353,2024-09-14,Zentral,DHL,Apparel,271.53,1.0
ORD-2026298,2024-09-14,Zentral,DHL,Apparel,26.44,2.3
ORD-2026592,2024-09-14,Ost,GLS,Food,14.63,1.4
ORD-2024239,2024-09-15,West,DHL,Books,65.54,3.4
ORD-2025559,2024-09-15,Nord,GLS,Apparel,447.01,4.8
ORD-2026791,2024-09-15,Sued,DHL,Apparel,39.8,3.0
ORD-2027603,2024-09-15,West,DPD,Home,26.72,5.2
ORD-2024179,2024-09-15,West,Hermes,Electronics,72.64,4.0
ORD-2025000,2024-09-15,West,DHL,Books,71.69,3.0
ORD-2027326,2024-09-15,Nord,UPS,Apparel,54.19,2.3
ORD-2024746,2024-09-15,Nord,DHL,Food,29.74,1.9
ORD-2026292,2024-09-15,West,DHL,Apparel,34.77,2.9
ORD-2024679,2024-09-15,Sued,DHL,Food,71.03,2.0
ORD-2024770,2024-09-15,Zentral,DPD,Apparel,25.97,2.5
ORD-2026982,2024-09-15,Zentral,DHL,Apparel,162.0,3.1
ORD-2027406,2024-09-16,Zentral,DHL,Books,57.01,2.6
ORD-2026775,2024-09-16,Zentral,DHL,Apparel,52.81,1.5
ORD-2024066,2024-09-16,Nord,DHL,Electronics,17.68,1.8
ORD-2027598,2024-09-16,West,DHL,Home,46.62,2.3
ORD-2028477,2024-09-16,Ost,DPD,Food,35.33,3.9
ORD-2024759,2024-09-16,Zentral,Hermes,Electronics,216.62,5.4
ORD-2026814,2024-09-16,West,DHL,Home,59.21,3.9
ORD-2026450,2024-09-16,Nord,DHL,Home,55.6,1.5
ORD-2026449,2024-09-16,Nord,DHL,Home,29.66,1.4
ORD-2028899,2024-09-16,Zentral,Hermes,Books,67.83,11.1
ORD-2025545,2024-09-16,Ost,UPS,Apparel,88.98,1.2
ORD-2027205,2024-09-16,Zentral,DHL,Home,15.0,3.7
ORD-2026994,2024-09-16,Sued,Hermes,Electronics,30.22,3.5
ORD-2027965,2024-09-16,West,GLS,Food,51.61,2.8
ORD-2027663,2024-09-16,West,DHL,Home,30.2,2.8
ORD-2027009,2024-09-16,Sued,Hermes,Home,16.93,4.6
ORD-2026721,2024-09-16,Ost,UPS,Food,35.16,3.3
ORD-2027525,2024-09-16,Zentral,Hermes,Electronics,20.49,1.6
ORD-2025967,2024-09-17,Nord,DHL,Home,37.26,1.6
ORD-2025562,2024-09-17,Zentral,Hermes,Apparel,152.88,5.2
ORD-2025106,2024-09-17,Zentral,Hermes,Home,116.83,4.3
ORD-2026810,2024-09-17,Ost,DHL,Apparel,38.57,3.6
ORD-2024106,2024-09-17,Sued,GLS,Apparel,125.25,4.0
ORD-2026561,2024-09-17,West,DHL,Food,44.73,2.4
ORD-2028543,2024-09-17,West,DPD,Apparel,164.19,10.7
ORD-2025297,2024-09-17,West,GLS,Apparel,116.16,3.6
ORD-2026562,2024-09-17,Nord,DPD,Apparel,182.89,2.9
ORD-2026676,2024-09-17,Ost,DHL,Food,39.24,2.3
ORD-2025004,2024-09-17,Nord,DHL,Books,7.07,2.9
ORD-2025600,2024-09-17,Zentral,DHL,Books,34.54,3.4
ORD-2027216,2024-09-18,Sued,Hermes,Books,29.18,3.0
ORD-2028383,2024-09-18,Nord,DPD,Books,59.39,1.0
ORD-2028201,2024-09-18,West,Hermes,Apparel,61.54,6.8
ORD-2027222,2024-09-18,Zentral,GLS,Apparel,14.85,4.9
ORD-2025926,2024-09-18,Zentral,Hermes,Electronics,66.23,3.0
ORD-2025629,2024-09-18,Ost,DHL,Apparel,16.96,2.7
ORD-2026362,2024-09-18,Zentral,DHL,Home,74.47,2.1
ORD-2026956,2024-09-18,West,UPS,Electronics,49.49,1.0
ORD-2025560,2024-09-18,Nord,GLS,Home,52.61,2.8
ORD-2024418,2024-09-18,Zentral,DHL,Food,77.63,2.4
ORD-2025844,2024-09-18,Zentral,GLS,Books,127.48,3.0
ORD-2025744,2024-09-18,Zentral,DHL,Apparel,74.75,2.6
ORD-2024815,2024-09-18,West,GLS,Apparel,75.94,1.0
ORD-2027413,2024-09-18,Sued,DHL,Food,18.0,3.8
ORD-2027766,2024-09-19,Nord,UPS,Apparel,118.39,2.1
ORD-2025279,2024-09-19,Ost,GLS,Apparel,127.8,3.9
ORD-2024257,2024-09-19,Nord,DHL,Apparel,61.13,3.3
ORD-2026248,2024-09-19,West,UPS,Apparel,65.11,2.8
ORD-2026191,2024-09-19,West,DHL,Electronics,58.76,2.6
ORD-2026979,2024-09-19,West,DHL,Apparel,162.22,2.8
ORD-2026445,2024-09-19,West,Hermes,Electronics,5.44,4.5
ORD-2026179,2024-09-19,Zentral,GLS,Books,31.84,1.9
ORD-2024411,2024-09-20,Nord,GLS,Food,18.36,3.0
ORD-2025438,2024-09-20,Ost,UPS,Electronics,67.52,2.0
ORD-2027569,2024-09-20,West,GLS,Apparel,71.19,2.9
ORD-2027850,2024-09-20,West,Hermes,Apparel,15.2,1.0
ORD-2027151,2024-09-20,Nord,Hermes,Apparel,11.29,5.1
ORD-2028962,2024-09-20,Zentral,UPS,Food,24.09,2.2
ORD-2027765,2024-09-20,West,DHL,Books,53.56,2.5
ORD-2026305,2024-09-20,West,Hermes,Food,51.54,8.8
ORD-2024929,2024-09-20,Nord,Hermes,Electronics,83.72,6.2
ORD-2025850,2024-09-20,West,GLS,Food,58.44,1.9
ORD-2024527,2024-09-20,Sued,GLS,Food,203.67,1.3
ORD-2024385,2024-09-20,Zentral,Hermes,Apparel,76.78,5.1
ORD-2026533,2024-09-20,Sued,DHL,Electronics,7.01,1.5
ORD-2028812,2024-09-20,Zentral,Hermes,Books,25.4,2.8
ORD-2027666,2024-09-20,Sued,DHL,Home,28.16,2.1
ORD-2026285,2024-09-20,Ost,Hermes,Electronics,88.71,5.8
ORD-2025985,2024-09-20,West,DPD,Home,52.2,2.0
ORD-2027690,2024-09-20,Zentral,GLS,Food,39.91,4.7
ORD-2024057,2024-09-20,Nord,DHL,Apparel,66.0,3.8
ORD-2025238,2024-09-20,Sued,DHL,Apparel,28.0,1.3
ORD-2024314,2024-09-20,West,Hermes,Home,29.65,3.5
ORD-2026047,2024-09-20,Sued,UPS,Apparel,59.79,2.5
ORD-2025265,2024-09-20,West,UPS,Books,43.83,2.2
ORD-2028440,2024-09-20,Ost,UPS,Home,27.04,2.1
ORD-2027596,2024-09-21,Sued,DPD,Books,57.74,4.4
ORD-2027026,2024-09-21,Sued,DHL,Electronics,19.01,2.2
ORD-2024571,2024-09-21,West,DHL,Apparel,187.8,1.9
ORD-2028017,2024-09-21,Ost,DHL,Electronics,11.17,2.3
ORD-2026123,2024-09-21,Zentral,Hermes,Food,31.44,3.5
ORD-2027255,2024-09-21,West,DPD,Food,38.84,6.6
ORD-2027137,2024-09-21,Zentral,DHL,Apparel,26.63,3.1
ORD-2024052,2024-09-21,Ost,GLS,Food,61.68,3.1
ORD-2025016,2024-09-21,Zentral,DHL,Apparel,98.31,3.2
ORD-2028728,2024-09-21,West,DPD,Electronics,81.13,3.0
ORD-2025978,2024-09-22,Zentral,DHL,Food,143.26,3.3
ORD-2027319,2024-09-22,West,DPD,Food,86.16,2.1
ORD-2028318,2024-09-22,West,GLS,Home,37.43,3.9
ORD-2028346,2024-09-22,Nord,DPD,Apparel,141.6,1.6
ORD-2025453,2024-09-22,West,DHL,Books,358.36,2.8
ORD-2028054,2024-09-22,Ost,UPS,Apparel,30.79,2.2
ORD-2025513,2024-09-22,Ost,DHL,Apparel,87.37,3.3
ORD-2026587,2024-09-22,Nord,DHL,Home,141.87,1.1
ORD-2025243,2024-09-22,Sued,UPS,Electronics,46.53,2.4
ORD-2026432,2024-09-22,Zentral,DHL,Home,88.75,2.3
ORD-2028358,2024-09-22,Zentral,DHL,Food,37.69,2.4
ORD-2026391,2024-09-22,West,DHL,Food,51.98,3.0
ORD-2026963,2024-09-23,Nord,DHL,Electronics,59.95,2.4
ORD-2027888,2024-09-23,Sued,DHL,Apparel,138.16,2.8
ORD-2025156,2024-09-23,Sued,UPS,Books,15.17,1.2
ORD-2027269,2024-09-23,Ost,UPS,Books,48.51,2.1
ORD-2024253,2024-09-23,Ost,DPD,Electronics,29.33,1.5
ORD-2028740,2024-09-23,Ost,DPD,Home,109.85,2.6
ORD-2026435,2024-09-23,Zentral,DHL,Home,80.77,3.7
ORD-2027486,2024-09-23,West,DHL,Apparel,36.25,1.6
ORD-2025377,2024-09-23,West,UPS,Home,357.9,1.1
ORD-2024728,2024-09-23,Ost,DPD,Apparel,56.65,4.9
ORD-2025806,2024-09-23,Zentral,DHL,Home,90.89,2.5
ORD-2027166,2024-09-23,West,DHL,Books,97.75,3.2
ORD-2025035,2024-09-23,Zentral,GLS,Apparel,48.97,1.4
ORD-2026119,2024-09-23,Sued,Hermes,Apparel,35.56,5.3
ORD-2025587,2024-09-23,Zentral,DHL,Electronics,28.7,2.1
ORD-2024113,2024-09-24,Ost,DHL,Home,25.78,2.7
ORD-2025359,2024-09-24,Sued,DPD,Books,34.12,2.9
ORD-2026978,2024-09-24,Zentral,GLS,Home,170.57,5.8
ORD-2027282,2024-09-24,Sued,Hermes,Apparel,47.06,2.1
ORD-2025932,2024-09-24,West,Hermes,Food,15.83,5.8
ORD-2024198,2024-09-24,Ost,DHL,Food,149.42,2.9
ORD-2024772,2024-09-24,Ost,DHL,Electronics,25.36,3.4
ORD-2024510,2024-09-24,Ost,Hermes,Electronics,20.58,4.3
ORD-2028874,2024-09-24,Ost,DHL,Apparel,18.99,1.9
ORD-2026964,2024-09-24,Sued,DHL,Apparel,14.14,2.9
ORD-2027805,2024-09-24,Ost,DHL,Electronics,27.21,2.0
ORD-2028912,2024-09-24,West,DHL,Apparel,14.44,1.6
ORD-2027221,2024-09-24,Ost,Hermes,Home,45.07,2.2
ORD-2027164,2024-09-24,Zentral,UPS,Home,49.83,3.0
ORD-2027337,2024-09-24,Nord,DHL,Food,138.85,1.6
ORD-2024552,2024-09-24,Nord,DHL,Books,71.64,1.7
ORD-2028970,2024-09-24,Nord,DHL,Home,101.36,2.3
ORD-2025446,2024-09-24,Zentral,DHL,Apparel,55.44,3.1
ORD-2026621,2024-09-24,Nord,DHL,Apparel,120.79,2.3
ORD-2028831,2024-09-25,West,DPD,Electronics,47.83,4.1
ORD-2027007,2024-09-25,Zentral,DHL,Apparel,114.24,3.5
ORD-2025498,2024-09-25,West,GLS,Electronics,24.08,3.2
ORD-2028776,2024-09-25,Ost,DHL,Apparel,17.97,1.5
ORD-2026593,2024-09-25,Sued,DHL,Apparel,75.65,1.9
ORD-2028612,2024-09-25,Sued,UPS,Books,45.02,2.2
ORD-2028739,2024-09-25,West,DPD,Books,105.73,4.5
ORD-2026643,2024-09-25,Nord,UPS,Apparel,27.12,1.6
ORD-2025580,2024-09-25,Sued,DHL,Electronics,84.32,3.7
ORD-2027638,2024-09-25,Sued,DHL,Electronics,30.56,2.9
ORD-2026087,2024-09-25,Zentral,DHL,Books,41.58,2.2
ORD-2024426,2024-09-25,West,DHL,Apparel,13.8,2.7
ORD-2026277,2024-09-25,Zentral,DPD,Electronics,84.91,8.4
ORD-2025640,2024-09-25,Ost,DHL,Food,47.79,2.8
ORD-2025975,2024-09-26,Ost,DHL,Electronics,18.39,1.8
ORD-2024073,2024-09-26,Sued,DHL,Home,39.25,2.6
ORD-2026841,2024-09-26,Nord,Hermes,Electronics,28.76,5.8
ORD-2025706,2024-09-26,Zentral,Hermes,Food,6.33,7.0
ORD-2025459,2024-09-26,West,GLS,Apparel,36.27,2.6
ORD-2028226,2024-09-26,West,DHL,Home,118.71,3.2
ORD-2026944,2024-09-26,Ost,DHL,Apparel,54.16,3.1
ORD-2027114,2024-09-26,West,DHL,Electronics,14.65,3.2
ORD-2026399,2024-09-26,Zentral,GLS,Electronics,49.16,3.0
ORD-2025038,2024-09-26,Sued,DHL,Home,85.23,1.0
ORD-2028188,2024-09-27,Nord,UPS,Electronics,40.43,2.7
ORD-2026204,2024-09-27,Nord,DHL,Apparel,72.01,2.3
ORD-2028987,2024-09-27,Ost,DHL,Apparel,234.5,2.4
ORD-2026602,2024-09-27,Ost,DHL,Apparel,26.17,4.1
ORD-2024002,2024-09-27,Sued,DHL,Apparel,112.5,2.8
ORD-2028394,2024-09-27,West,DPD,Apparel,51.77,3.7
ORD-2025756,2024-09-27,Sued,Hermes,Apparel,42.71,2.8
ORD-2027059,2024-09-27,Zentral,DHL,Apparel,104.53,1.7
ORD-2024033,2024-09-27,West,GLS,Apparel,26.07,4.8
ORD-2026155,2024-09-27,West,DHL,Food,19.36,3.2
ORD-2028216,2024-09-27,Nord,DHL,Books,48.06,3.4
ORD-2025726,2024-09-27,Sued,DPD,Home,95.91,3.9
ORD-2024076,2024-09-27,West,DHL,Home,99.58,1.9
ORD-2026139,2024-09-27,Sued,DHL,Books,81.18,2.0
ORD-2028095,2024-09-27,West,DPD,Food,51.16,1.4
ORD-2028651,2024-09-27,Nord,GLS,Electronics,17.12,1.3
ORD-2024408,2024-09-27,Nord,GLS,Electronics,22.92,4.0
ORD-2027818,2024-09-28,Ost,DHL,Home,32.68,3.0
ORD-2024455,2024-09-28,Zentral,Hermes,Electronics,17.65,2.2
ORD-2027063,2024-09-28,Sued,DHL,Home,18.48,2.2
ORD-2024684,2024-09-28,West,GLS,Apparel,51.0,1.1
ORD-2028256,2024-09-28,Ost,DHL,Food,39.65,2.5
ORD-2027947,2024-09-28,Nord,GLS,Food,10.71,4.9
ORD-2028158,2024-09-28,Sued,Hermes,Food,18.45,4.8
ORD-2025510,2024-09-28,West,GLS,Home,129.9,3.4
ORD-2026342,2024-09-28,Zentral,Hermes,Electronics,57.32,6.2
ORD-2027463,2024-09-29,Zentral,DHL,Home,24.24,2.2
ORD-2024909,2024-09-29,Sued,DHL,Books,39.19,2.2
ORD-2024367,2024-09-29,Sued,UPS,Books,171.39,2.3
ORD-2028170,2024-09-29,Nord,DHL,Apparel,237.12,2.6
ORD-2027971,2024-09-29,Zentral,UPS,Home,46.3,1.0
ORD-2025471,2024-09-29,Nord,GLS,Electronics,168.01,4.4
ORD-2025779,2024-09-29,Zentral,DHL,Electronics,102.18,1.6
ORD-2028400,2024-09-29,Sued,DPD,Books,53.45,1.0
ORD-2026603,2024-09-29,Zentral,GLS,Home,46.58,1.3
ORD-2026453,2024-09-29,Zentral,DHL,Apparel,60.33,2.1
ORD-2024811,2024-09-29,Sued,UPS,Electronics,183.21,2.2
ORD-2028971,2024-09-29,West,UPS,Books,140.32,1.7
ORD-2027054,2024-09-29,Sued,GLS,Electronics,29.02,3.2
ORD-2027726,2024-09-29,Sued,UPS,Books,18.11,2.9
ORD-2025015,2024-09-29,West,UPS,Home,27.42,2.3
ORD-2026725,2024-09-29,Sued,DHL,Home,8.9,1.4
ORD-2024560,2024-09-29,Sued,Hermes,Home,66.76,5.8
ORD-2028039,2024-09-30,West,DHL,Electronics,67.8,2.6
ORD-2027428,2024-09-30,Zentral,DHL,Books,66.42,2.5
ORD-2025755,2024-09-30,West,DHL,Food,87.24,3.5
ORD-2027768,2024-09-30,Sued,DHL,Electronics,119.02,1.6
ORD-2025795,2024-09-30,Ost,GLS,Apparel,87.6,3.0
ORD-2024900,2024-09-30,Nord,DHL,Food,26.39,2.2
ORD-2025500,2024-09-30,Nord,DPD,Home,144.64,5.7
ORD-2027682,2024-09-30,West,Hermes,Electronics,35.67,8.0
ORD-2027960,2024-09-30,Zentral,DHL,Apparel,11.51,3.2
ORD-2024047,2024-09-30,Zentral,GLS,Electronics,55.95,3.1
ORD-2024629,2024-10-01,Sued,DHL,Electronics,102.83,3.6
ORD-2028431,2024-10-01,Nord,DHL,Books,47.79,1.6
ORD-2027641,2024-10-01,Ost,DPD,Home,37.91,3.4
ORD-2027386,2024-10-01,Zentral,GLS,Home,97.21,2.5
ORD-2027132,2024-10-01,Sued,Hermes,Home,75.18,1.6
ORD-2024984,2024-10-01,Sued,Hermes,Food,10.55,6.0
ORD-2027472,2024-10-01,Ost,Hermes,Apparel,10.25,5.8
ORD-2025424,2024-10-01,Sued,DPD,Home,12.01,4.0
ORD-2026996,2024-10-01,West,UPS,Books,113.5,1.0
ORD-2024434,2024-10-01,West,Hermes,Books,11.74,6.2
ORD-2027121,2024-10-01,Ost,DPD,Apparel,27.74,1.5
ORD-2026159,2024-10-01,West,DHL,Electronics,28.98,2.7
ORD-2028982,2024-10-02,Zentral,Hermes,Home,13.76,4.1
ORD-2027198,2024-10-02,Zentral,DHL,Apparel,30.95,2.9
ORD-2026389,2024-10-02,West,DHL,Apparel,13.69,3.4
ORD-2028861,2024-10-02,West,DHL,Home,35.36,3.9
ORD-2027173,2024-10-02,Ost,UPS,Food,21.71,3.1
ORD-2025984,2024-10-02,Nord,DPD,Apparel,156.09,2.6
ORD-2028966,2024-10-02,Ost,DHL,Home,37.29,1.6
ORD-2026021,2024-10-02,West,Hermes,Books,82.1,6.4
ORD-2028819,2024-10-02,Ost,DPD,Food,81.21,3.8
ORD-2024318,2024-10-03,West,DHL,Food,62.17,1.0
ORD-2027556,2024-10-03,Nord,DHL,Electronics,108.48,2.5
ORD-2026553,2024-10-03,Sued,Hermes,Food,178.83,6.5
ORD-2026528,2024-10-03,Ost,GLS,Electronics,19.25,3.9
ORD-2026199,2024-10-03,Ost,DPD,Apparel,53.83,1.3
ORD-2026157,2024-10-03,Nord,DHL,Home,49.98,2.7
ORD-2025794,2024-10-03,Ost,Hermes,Food,41.97,2.5
ORD-2024841,2024-10-03,Ost,DHL,Books,39.53,2.8
ORD-2024537,2024-10-03,West,DPD,Electronics,10.31,5.4
ORD-2024944,2024-10-03,West,DHL,Apparel,20.62,1.0
ORD-2024300,2024-10-03,Ost,UPS,Apparel,47.8,2.5
ORD-2024022,2024-10-03,Sued,DHL,Electronics,53.55,2.5
ORD-2028731,2024-10-03,Nord,UPS,Books,49.92,3.2
ORD-2027919,2024-10-03,West,GLS,Electronics,66.08,3.7
ORD-2028889,2024-10-03,Nord,DPD,Home,39.06,4.4
ORD-2026932,2024-10-03,Ost,DHL,Apparel,33.35,2.8
ORD-2027351,2024-10-03,Zentral,DHL,Apparel,108.63,1.6
ORD-2027038,2024-10-03,Nord,DHL,Food,140.78,2.6
ORD-2027262,2024-10-03,Zentral,DHL,Electronics,73.21,1.7
ORD-2028514,2024-10-03,Zentral,UPS,Electronics,14.33,2.2
ORD-2025326,2024-10-04,West,GLS,Apparel,256.79,4.1
ORD-2028060,2024-10-04,Nord,DHL,Books,22.2,2.8
ORD-2027436,2024-10-04,Sued,DHL,Apparel,54.93,2.3
ORD-2028778,2024-10-04,Nord,DHL,Apparel,48.35,3.0
ORD-2025692,2024-10-04,West,DPD,Electronics,60.43,4.4
ORD-2028365,2024-10-04,Zentral,DHL,Apparel,57.11,2.1
ORD-2028008,2024-10-04,West,UPS,Home,28.77,1.8
ORD-2026652,2024-10-04,West,DHL,Apparel,201.6,2.4
ORD-2026610,2024-10-04,West,DHL,Apparel,27.83,1.9
ORD-2024459,2024-10-04,Nord,Hermes,Apparel,14.68,7.4
ORD-2027877,2024-10-04,Ost,GLS,Apparel,95.32,1.9
ORD-2026325,2024-10-05,West,DPD,Apparel,76.41,4.7
ORD-2027051,2024-10-05,Ost,DPD,Books,27.83,3.3
ORD-2028110,2024-10-05,Nord,DHL,Food,86.38,1.6
ORD-2028781,2024-10-05,Sued,DHL,Books,51.72,2.3
ORD-2028082,2024-10-05,Sued,DHL,Apparel,23.74,2.4
ORD-2027348,2024-10-05,Sued,DHL,Books,35.03,2.3
ORD-2024555,2024-10-05,Nord,DPD,Home,132.45,1.6
ORD-2026099,2024-10-05,Sued,DHL,Home,71.24,3.7
ORD-2026958,2024-10-05,Ost,DHL,Apparel,18.08,1.3
ORD-2028761,2024-10-05,Zentral,DHL,Home,10.55,2.5
ORD-2024441,2024-10-05,Zentral,Hermes,Electronics,49.99,4.1
ORD-2028296,2024-10-06,Sued,DHL,Apparel,59.79,2.4
ORD-2025306,2024-10-06,Zentral,GLS,Apparel,60.8,4.0
ORD-2028325,2024-10-06,Sued,DHL,Home,26.04,3.3
ORD-2024498,2024-10-06,Nord,DHL,Food,12.45,3.1
ORD-2024338,2024-10-06,Nord,DPD,Home,15.72,3.8
ORD-2024086,2024-10-06,West,UPS,Apparel,7.34,2.2
ORD-2024360,2024-10-06,West,DHL,Home,27.17,1.8
ORD-2028097,2024-10-06,West,DHL,Apparel,21.89,2.6
ORD-2027796,2024-10-06,Sued,DPD,Books,6.55,1.4
ORD-2024227,2024-10-06,West,DPD,Apparel,98.72,4.6
ORD-2026819,2024-10-06,West,Hermes,Food,24.69,3.2
ORD-2026256,2024-10-06,Sued,GLS,Books,66.83,3.5
ORD-2027458,2024-10-06,Sued,UPS,Home,144.89,1.9
ORD-2025753,2024-10-06,Nord,DHL,Food,107.12,2.0
ORD-2027727,2024-10-07,Sued,DHL,Apparel,29.01,3.2
ORD-2025322,2024-10-07,Nord,DHL,Apparel,36.08,1.0
ORD-2024831,2024-10-07,West,Hermes,Apparel,42.59,3.6
ORD-2027112,2024-10-07,Zentral,DHL,Food,56.93,2.2
ORD-2026393,2024-10-07,West,Hermes,Books,30.72,3.6
ORD-2024353,2024-10-07,West,DPD,Electronics,141.14,2.4
ORD-2025752,2024-10-07,Zentral,Hermes,Home,14.37,5.1
ORD-2026151,2024-10-07,West,DHL,Books,50.48,2.8
ORD-2027643,2024-10-07,West,DPD,Apparel,38.36,1.5
ORD-2026665,2024-10-07,Nord,UPS,Books,45.13,3.1
ORD-2027021,2024-10-07,West,Hermes,Apparel,179.12,1.3
ORD-2028072,2024-10-08,Sued,DPD,Electronics,40.35,1.0
ORD-2028614,2024-10-08,Sued,DPD,Home,73.66,1.4
ORD-2028609,2024-10-08,Sued,DHL,Apparel,39.55,1.0
ORD-2025456,2024-10-08,Zentral,Hermes,Food,38.16,4.7
ORD-2028632,2024-10-08,Nord,DHL,Food,168.72,2.9
ORD-2025374,2024-10-08,West,DHL,Electronics,86.73,1.9
ORD-2027905,2024-10-08,Nord,DHL,Food,58.7,2.2
ORD-2026499,2024-10-08,Sued,DPD,Apparel,188.85,3.3
ORD-2024859,2024-10-08,Nord,DPD,Home,139.89,2.8
ORD-2026008,2024-10-08,Zentral,DPD,Electronics,57.65,2.8
ORD-2026126,2024-10-08,Sued,Hermes,Apparel,24.32,3.5
ORD-2024936,2024-10-08,Zentral,Hermes,Food,47.59,4.3
ORD-2027570,2024-10-08,Sued,DHL,Electronics,5.0,2.0
ORD-2025117,2024-10-08,West,DHL,Home,38.89,3.6
ORD-2024730,2024-10-08,West,GLS,Books,12.72,3.7
ORD-2025940,2024-10-08,Nord,DPD,Apparel,18.68,4.3
ORD-2028388,2024-10-09,Nord,Hermes,Home,29.63,4.1
ORD-2024315,2024-10-09,Nord,DHL,Electronics,61.92,1.3
ORD-2028267,2024-10-09,Nord,DHL,Food,7.35,3.0
ORD-2028098,2024-10-09,Sued,DHL,Apparel,109.21,2.8
ORD-2027224,2024-10-09,Zentral,UPS,Apparel,18.19,2.7
ORD-2024610,2024-10-09,Zentral,DPD,Apparel,30.4,2.4
ORD-2028345,2024-10-09,Nord,DHL,Apparel,16.14,3.6
ORD-2025119,2024-10-09,Zentral,DHL,Home,37.17,2.5
ORD-2026647,2024-10-09,Sued,UPS,Food,162.21,2.5
ORD-2024132,2024-10-09,Zentral,DPD,Apparel,130.23,3.4
ORD-2026983,2024-10-09,West,DHL,Food,498.95,1.7
ORD-2027015,2024-10-09,Ost,UPS,Electronics,105.99,2.9
ORD-2028509,2024-10-09,West,GLS,Electronics,166.03,3.1
ORD-2027823,2024-10-09,Zentral,GLS,Apparel,35.11,3.5
ORD-2028236,2024-10-09,Ost,DPD,Home,17.38,2.2
ORD-2024175,2024-10-09,Zentral,DPD,Books,64.01,2.3
ORD-2024735,2024-10-09,Zentral,DHL,Apparel,20.01,1.6
ORD-2027123,2024-10-10,Sued,UPS,Electronics,51.96,2.0
ORD-2026947,2024-10-10,Ost,DHL,Books,48.15,3.0
ORD-2025990,2024-10-10,Ost,DHL,Home,85.68,3.5
ORD-2028369,2024-10-10,Zentral,GLS,Electronics,19.96,1.6
ORD-2024157,2024-10-10,Ost,DPD,Electronics,89.51,3.0
ORD-2024321,2024-10-10,Nord,DHL,Books,42.08,2.6
ORD-2024163,2024-10-10,West,Hermes,Apparel,29.92,3.4
ORD-2026529,2024-10-10,West,GLS,Apparel,20.56,3.3
ORD-2028447,2024-10-10,Sued,Hermes,Electronics,33.63,3.8
ORD-2024572,2024-10-10,Zentral,DHL,Home,24.35,3.4
ORD-2027350,2024-10-10,Zentral,DPD,Home,17.34,2.1
ORD-2027476,2024-10-10,Sued,UPS,Food,85.76,2.6
ORD-2025611,2024-10-10,Zentral,GLS,Food,40.31,2.1
ORD-2024807,2024-10-11,Nord,Hermes,Electronics,69.25,6.0
ORD-2026642,2024-10-11,West,DPD,Home,29.72,1.0
ORD-2026009,2024-10-11,Zentral,GLS,Books,14.67,3.4
ORD-2028548,2024-10-11,Sued,Hermes,Home,34.09,4.0
ORD-2025722,2024-10-11,Nord,Hermes,Books,111.42,7.1
ORD-2025196,2024-10-11,Nord,DHL,Food,51.46,3.1
ORD-2026030,2024-10-11,Zentral,DHL,Apparel,43.61,1.6
ORD-2025286,2024-10-11,Sued,DPD,Apparel,19.29,3.6
ORD-2027430,2024-10-11,Sued,Hermes,Books,29.15,1.2
ORD-2025709,2024-10-11,Zentral,DHL,Food,9.63,2.6
ORD-2027314,2024-10-11,West,DHL,Apparel,93.49,3.6
ORD-2027967,2024-10-11,Zentral,DHL,Apparel,17.18,2.4
ORD-2024517,2024-10-11,West,Hermes,Apparel,32.82,2.7
ORD-2025222,2024-10-11,Nord,DHL,Apparel,58.28,2.7
ORD-2024467,2024-10-11,Zentral,Hermes,Electronics,57.61,3.0
ORD-2025727,2024-10-11,Zentral,DPD,Books,55.92,4.4
ORD-2024319,2024-10-12,Zentral,DPD,Electronics,47.93,4.1
ORD-2024559,2024-10-12,Zentral,DPD,Food,83.96,1.0
ORD-2026336,2024-10-12,Sued,DHL,Apparel,51.64,1.0
ORD-2024168,2024-10-12,Sued,DHL,Books,27.44,2.3
ORD-2027563,2024-10-12,Nord,GLS,Apparel,63.2,1.9
ORD-2026303,2024-10-12,Ost,GLS,Apparel,37.51,3.4
ORD-2025224,2024-10-12,Ost,DHL,Books,51.96,2.3
ORD-2024794,2024-10-12,Nord,DHL,Apparel,53.55,2.9
ORD-2027136,2024-10-12,Sued,DHL,Home,49.73,1.9
ORD-2025040,2024-10-12,West,DHL,Apparel,121.58,3.9
ORD-2027037,2024-10-12,Nord,Hermes,Electronics,38.08,5.6
ORD-2024716,2024-10-12,Sued,DHL,Electronics,13.59,2.2
ORD-2028160,2024-10-13,Zentral,DPD,Electronics,33.25,2.6
ORD-2027544,2024-10-13,West,DHL,Books,33.35,1.7
ORD-2026072,2024-10-13,Zentral,DPD,Books,93.81,1.5
ORD-2028822,2024-10-13,Sued,DHL,Electronics,103.67,2.4
ORD-2025354,2024-10-13,Nord,DHL,Food,83.41,3.1
ORD-2026310,2024-10-13,Zentral,DHL,Electronics,99.58,2.8
ORD-2025971,2024-10-13,Sued,Hermes,Books,12.89,4.4
ORD-2025150,2024-10-13,West,Hermes,Books,38.74,5.3
ORD-2026430,2024-10-13,Ost,GLS,Home,40.88,2.0
ORD-2026413,2024-10-14,Nord,UPS,Home,38.85,1.1
ORD-2025247,2024-10-14,Sued,DHL,Food,48.74,3.1
ORD-2026598,2024-10-14,Ost,DHL,Food,36.77,3.4
ORD-2026613,2024-10-14,Ost,DHL,Home,48.53,2.6
ORD-2026597,2024-10-14,West,DHL,Food,56.16,3.3
ORD-2024760,2024-10-14,Sued,UPS,Books,63.24,1.0
ORD-2024391,2024-10-14,Nord,Hermes,Electronics,131.34,2.3
ORD-2025452,2024-10-14,West,DHL,Books,50.64,1.7
ORD-2025242,2024-10-14,Nord,Hermes,Apparel,239.98,4.9
ORD-2025730,2024-10-14,Zentral,GLS,Home,27.35,4.2
ORD-2026340,2024-10-14,Ost,UPS,Apparel,25.12,2.8
ORD-2025886,2024-10-14,Sued,DHL,Apparel,57.37,2.6
ORD-2028382,2024-10-14,West,DHL,Apparel,56.54,2.6
ORD-2027875,2024-10-14,West,UPS,Apparel,65.12,3.5
ORD-2027361,2024-10-14,Zentral,DHL,Home,39.67,3.0
ORD-2024362,2024-10-14,Nord,DHL,Home,132.86,2.7
ORD-2026264,2024-10-14,Zentral,GLS,Electronics,67.4,3.4
ORD-2025270,2024-10-14,Zentral,Hermes,Electronics,58.02,3.3
ORD-2025058,2024-10-14,Ost,DPD,Books,23.13,6.2
ORD-2028882,2024-10-14,West,DHL,Electronics,136.34,2.1
ORD-2024722,2024-10-15,Zentral,DHL,Apparel,210.68,2.7
ORD-2026891,2024-10-15,Nord,DHL,Home,49.19,2.9
ORD-2026069,2024-10-15,West,UPS,Books,26.13,2.4
ORD-2025628,2024-10-15,Sued,Hermes,Apparel,18.89,7.1
ORD-2024478,2024-10-15,West,DHL,Apparel,79.36,3.0
ORD-2025080,2024-10-15,Sued,UPS,Home,56.01,1.3
ORD-2028284,2024-10-15,Zentral,Hermes,Books,33.42,6.0
ORD-2024942,2024-10-15,Ost,UPS,Food,38.64,1.3
ORD-2028591,2024-10-15,Nord,DHL,Electronics,149.29,2.9
ORD-2025085,2024-10-15,Zentral,DHL,Apparel,32.86,2.9
ORD-2028225,2024-10-15,Sued,DHL,Electronics,31.34,2.3
ORD-2024105,2024-10-15,Sued,DPD,Home,21.41,3.7
ORD-2028566,2024-10-15,Zentral,DHL,Electronics,56.85,2.5
ORD-2025825,2024-10-15,Ost,DPD,Apparel,60.48,2.1
ORD-2026396,2024-10-15,Nord,GLS,Electronics,39.69,4.7
ORD-2024299,2024-10-15,Sued,Hermes,Food,17.79,3.3
ORD-2027061,2024-10-15,Sued,GLS,Electronics,87.91,1.3
ORD-2025804,2024-10-15,Zentral,DHL,Apparel,50.69,1.3
ORD-2025394,2024-10-15,West,GLS,Electronics,28.16,3.6
ORD-2028415,2024-10-16,Sued,DHL,Apparel,30.93,3.0
ORD-2027606,2024-10-16,Zentral,DPD,Home,141.07,1.2
ORD-2026160,2024-10-16,West,GLS,Apparel,73.51,3.7
ORD-2026532,2024-10-16,Ost,DHL,Electronics,40.35,3.5
ORD-2026054,2024-10-16,Zentral,GLS,Electronics,116.11,1.0
ORD-2027597,2024-10-16,Ost,DHL,Apparel,28.29,3.6
ORD-2024448,2024-10-16,Sued,DPD,Apparel,128.07,2.3
ORD-2027624,2024-10-16,Sued,DHL,Home,7.55,3.0
ORD-2024488,2024-10-16,West,Hermes,Apparel,28.97,4.7
ORD-2028106,2024-10-16,Ost,DHL,Apparel,27.83,3.0
ORD-2028980,2024-10-16,Sued,DHL,Books,60.39,1.0
ORD-2027377,2024-10-16,Zentral,DPD,Home,268.44,4.7
ORD-2028341,2024-10-16,Ost,Hermes,Home,15.82,13.8
ORD-2027669,2024-10-16,Nord,GLS,Apparel,62.49,4.8
ORD-2028504,2024-10-17,Sued,DPD,Books,15.09,2.1
ORD-2025266,2024-10-17,Nord,GLS,Food,22.78,2.5
ORD-2026167,2024-10-17,Sued,Hermes,Electronics,129.97,2.5
ORD-2027232,2024-10-17,Zentral,DHL,Home,38.77,1.0
ORD-2028835,2024-10-17,Nord,Hermes,Books,50.28,2.4
ORD-2025416,2024-10-17,Sued,Hermes,Home,38.89,5.7
ORD-2028832,2024-10-17,Ost,DHL,Food,129.44,3.3
ORD-2026247,2024-10-17,Ost,Hermes,Home,79.22,2.1
ORD-2026374,2024-10-17,Sued,GLS,Electronics,56.7,3.2
ORD-2025174,2024-10-17,Zentral,DHL,Apparel,95.66,1.1
ORD-2028321,2024-10-17,Ost,DHL,Food,91.21,1.1
ORD-2026117,2024-10-17,West,GLS,Apparel,159.11,4.0
ORD-2026301,2024-10-17,West,UPS,Home,63.52,3.0
ORD-2025041,2024-10-17,Sued,DHL,Apparel,60.01,2.0
ORD-2026346,2024-10-18,Sued,DHL,Electronics,157.21,1.5
ORD-2028668,2024-10-18,Zentral,Hermes,Food,14.85,4.8
ORD-2025116,2024-10-18,Nord,DHL,Electronics,89.09,3.4
ORD-2025373,2024-10-18,Sued,DHL,Apparel,25.66,1.5
ORD-2026578,2024-10-18,Zentral,DHL,Apparel,40.74,3.2
ORD-2028928,2024-10-18,Sued,DHL,Home,65.0,2.4
ORD-2028183,2024-10-18,Zentral,DPD,Apparel,40.82,1.9
ORD-2024626,2024-10-18,Ost,UPS,Electronics,42.44,1.1
ORD-2027577,2024-10-18,Zentral,DPD,Home,100.91,5.2
ORD-2028734,2024-10-18,West,UPS,Electronics,38.45,1.5
ORD-2024873,2024-10-18,Nord,Hermes,Home,85.58,5.0
ORD-2026152,2024-10-18,Ost,Hermes,Food,16.01,1.0
ORD-2027767,2024-10-18,Ost,Hermes,Home,79.8,2.8
ORD-2026006,2024-10-19,Nord,DHL,Apparel,121.8,3.1
ORD-2026715,2024-10-19,Nord,GLS,Electronics,21.23,3.5
ORD-2024118,2024-10-19,Zentral,DHL,Electronics,8.77,2.6
ORD-2028989,2024-10-19,Ost,GLS,Food,62.03,2.4
ORD-2026215,2024-10-19,West,DHL,Electronics,84.5,2.1
ORD-2028956,2024-10-19,Zentral,GLS,Food,39.98,4.0
ORD-2026237,2024-10-19,West,DPD,Electronics,30.83,3.3
ORD-2026136,2024-10-19,Zentral,UPS,Home,113.93,1.5
ORD-2028925,2024-10-19,Sued,DHL,Apparel,60.06,2.7
ORD-2027734,2024-10-19,Ost,DPD,Apparel,62.15,3.6
ORD-2025949,2024-10-19,West,DHL,Books,14.07,2.4
ORD-2025480,2024-10-19,Sued,Hermes,Books,95.47,5.5
ORD-2025145,2024-10-19,West,DHL,Food,19.64,2.3
ORD-2025298,2024-10-19,West,DHL,Books,36.68,2.1
ORD-2024996,2024-10-19,Sued,DHL,Home,57.89,1.1
ORD-2025334,2024-10-19,West,UPS,Electronics,12.61,1.2
ORD-2025531,2024-10-19,Nord,DPD,Home,21.49,3.3
ORD-2025523,2024-10-19,Sued,GLS,Home,27.3,2.6
ORD-2025910,2024-10-19,Nord,DHL,Apparel,64.59,2.9
ORD-2024226,2024-10-20,Nord,DHL,Electronics,64.17,1.8
ORD-2025180,2024-10-20,Ost,Hermes,Home,200.3,1.8
ORD-2027539,2024-10-20,Nord,UPS,Apparel,31.95,1.0
ORD-2027391,2024-10-20,Nord,GLS,Food,37.22,2.1
ORD-2027349,2024-10-20,Ost,DHL,Home,63.58,1.6
ORD-2026923,2024-10-20,Ost,DHL,Books,34.22,2.6
ORD-2024790,2024-10-20,Zentral,DHL,Food,18.98,2.8
ORD-2027079,2024-10-20,Nord,UPS,Electronics,10.65,1.9
ORD-2025096,2024-10-20,Nord,DHL,Food,16.19,2.7
ORD-2024901,2024-10-20,Sued,DHL,Apparel,37.2,1.8
ORD-2026036,2024-10-20,Zentral,DPD,Food,67.67,3.5
ORD-2024020,2024-10-20,Nord,DHL,Books,95.8,2.9
ORD-2028766,2024-10-20,West,Hermes,Home,111.07,3.7
ORD-2027921,2024-10-20,Zentral,DHL,Home,35.97,2.8
ORD-2027685,2024-10-20,Zentral,DHL,Apparel,59.87,2.4
ORD-2028330,2024-10-21,Sued,Hermes,Books,147.66,4.8
ORD-2027634,2024-10-21,Sued,Hermes,Books,18.04,1.4
ORD-2028531,2024-10-21,Nord,DPD,Books,30.43,1.2
ORD-2028606,2024-10-21,Nord,UPS,Apparel,54.13,3.4
ORD-2027625,2024-10-21,West,DHL,Apparel,49.18,3.5
ORD-2025927,2024-10-21,Sued,Hermes,Books,74.93,5.1
ORD-2024199,2024-10-21,Ost,Hermes,Books,72.14,2.8
ORD-2028446,2024-10-21,Sued,DHL,Apparel,15.64,8.6
ORD-2028717,2024-10-21,Zentral,Hermes,Electronics,41.05,5.0
ORD-2026663,2024-10-21,Zentral,DHL,Electronics,137.51,3.3
ORD-2025668,2024-10-21,West,DHL,Apparel,10.0,4.2
ORD-2025534,2024-10-21,Zentral,Hermes,Electronics,78.54,5.8
ORD-2025055,2024-10-21,West,GLS,Electronics,21.88,4.7
ORD-2027246,2024-10-21,Sued,DHL,Apparel,8.47,4.1
ORD-2025383,2024-10-21,Sued,DHL,Apparel,33.41,4.1
ORD-2026817,2024-10-21,Ost,DHL,Books,31.1,12.0
ORD-2028993,2024-10-22,West,DHL,Electronics,64.41,3.9
ORD-2024080,2024-10-22,Sued,DHL,Apparel,37.6,3.4
ORD-2028991,2024-10-22,Nord,GLS,Food,188.82,4.3
ORD-2027334,2024-10-22,West,DPD,Electronics,128.12,4.2
ORD-2028416,2024-10-22,Zentral,Hermes,Books,55.49,3.6
ORD-2028937,2024-10-22,Sued,Hermes,Books,25.85,4.4
ORD-2025029,2024-10-22,Nord,Hermes,Books,10.39,5.7
ORD-2025407,2024-10-22,Ost,DHL,Electronics,43.61,1.5
ORD-2025153,2024-10-22,Nord,DHL,Books,59.46,2.0
ORD-2025053,2024-10-22,Nord,DHL,Electronics,25.32,1.4
ORD-2025378,2024-10-22,Ost,DHL,Books,95.52,2.5
ORD-2028913,2024-10-22,Zentral,Hermes,Apparel,84.37,1.8
ORD-2026823,2024-10-23,Ost,UPS,Home,23.94,1.0
ORD-2025866,2024-10-23,Sued,DHL,Home,20.07,2.7
ORD-2025154,2024-10-23,Ost,DHL,Food,27.05,3.0
ORD-2026967,2024-10-23,Nord,GLS,Home,25.79,1.9
ORD-2026188,2024-10-24,West,Hermes,Books,85.3,3.2
ORD-2028973,2024-10-24,West,GLS,Home,21.0,2.6
ORD-2027735,2024-10-24,Sued,DHL,Apparel,142.62,2.6
ORD-2025945,2024-10-24,Sued,DHL,Electronics,211.14,1.7
ORD-2024255,2024-10-24,Zentral,DPD,Home,24.58,3.8
ORD-2027553,2024-10-24,West,Hermes,Apparel,41.35,5.2
ORD-2028932,2024-10-25,Ost,Hermes,Home,128.17,4.7
ORD-2028414,2024-10-25,Zentral,GLS,Apparel,324.98,1.0
ORD-2025118,2024-10-25,Ost,DHL,Apparel,150.06,5.4
ORD-2028821,2024-10-25,Sued,DPD,Home,211.97,4.4
ORD-2026026,2024-10-25,Sued,DHL,Home,12.82,2.3
ORD-2027973,2024-10-25,Sued,UPS,Home,64.89,1.1
ORD-2024369,2024-10-25,Sued,DPD,Books,123.72,1.0
ORD-2025888,2024-10-26,Zentral,DPD,Electronics,46.05,2.9
ORD-2026307,2024-10-26,Nord,Hermes,Food,43.86,4.9
ORD-2026290,2024-10-26,Nord,DPD,Electronics,35.11,1.8
ORD-2026137,2024-10-26,Sued,DHL,Home,55.52,1.9
ORD-2028753,2024-10-26,Nord,DHL,Food,40.52,1.7
ORD-2024913,2024-10-26,West,DPD,Apparel,124.53,1.0
ORD-2027453,2024-10-26,Ost,DHL,Apparel,19.99,3.6
ORD-2024979,2024-10-26,West,DPD,Apparel,50.58,1.0
ORD-2024624,2024-10-27,Zentral,DPD,Books,109.84,1.9
ORD-2024857,2024-10-27,Ost,UPS,Books,118.25,1.4
ORD-2026772,2024-10-27,Sued,UPS,Apparel,84.05,2.7
ORD-2027886,2024-10-27,Sued,UPS,Food,90.49,2.8
ORD-2025874,2024-10-27,Sued,DPD,Apparel,44.01,3.0
ORD-2027341,2024-10-27,Ost,UPS,Home,122.28,2.7
ORD-2028370,2024-10-27,Nord,GLS,Apparel,15.05,2.5
ORD-2025615,2024-10-27,Nord,DHL,Electronics,49.25,1.8
ORD-2025802,2024-10-27,Sued,DHL,Electronics,75.74,2.9
ORD-2026851,2024-10-27,West,Hermes,Electronics,73.29,4.8
ORD-2025969,2024-10-27,Ost,DHL,Food,56.14,1.7
ORD-2027182,2024-10-27,Nord,DHL,Apparel,31.72,2.7
ORD-2027284,2024-10-27,Zentral,DPD,Home,264.26,1.9
ORD-2024093,2024-10-27,Zentral,GLS,Electronics,25.97,1.6
ORD-2025477,2024-10-27,West,DPD,Electronics,18.74,2.0
ORD-2026040,2024-10-27,West,UPS,Electronics,394.63,2.3
ORD-2026803,2024-10-28,Sued,DHL,Apparel,44.34,1.5
ORD-2026684,2024-10-28,Sued,Hermes,Food,416.42,3.9
ORD-2028522,2024-10-28,Sued,DHL,Food,39.31,1.2
ORD-2027927,2024-10-28,Sued,GLS,Apparel,191.02,3.6
ORD-2025132,2024-10-28,Nord,DHL,Electronics,194.39,2.1
ORD-2026143,2024-10-28,Nord,DPD,Home,130.85,1.0
ORD-2025272,2024-10-28,Nord,DPD,Apparel,13.84,2.9
ORD-2027086,2024-10-28,Nord,Hermes,Home,14.35,7.2
ORD-2027000,2024-10-28,Nord,DHL,Apparel,58.9,2.6
ORD-2025536,2024-10-28,West,UPS,Food,49.27,2.6
ORD-2027240,2024-10-28,Ost,UPS,Home,64.77,1.5
ORD-2025504,2024-10-28,West,Hermes,Books,31.08,1.0
ORD-2028800,2024-10-28,West,DHL,Apparel,34.11,2.3
ORD-2024520,2024-10-28,West,Hermes,Apparel,76.74,4.5
ORD-2025158,2024-10-28,Sued,DHL,Books,82.57,3.7
ORD-2026258,2024-10-28,Zentral,GLS,Electronics,49.14,1.6
ORD-2024340,2024-10-28,Nord,UPS,Apparel,13.16,1.4
ORD-2026068,2024-10-28,Nord,DPD,Home,62.85,4.9
ORD-2026627,2024-10-28,Sued,DHL,Home,62.94,2.7
ORD-2026311,2024-10-29,Sued,GLS,Home,78.2,9.9
ORD-2027078,2024-10-29,Sued,DHL,Apparel,24.45,2.4
ORD-2024780,2024-10-29,Zentral,Hermes,Books,56.57,6.6
ORD-2024661,2024-10-29,Sued,DHL,Electronics,22.59,1.2
ORD-2027742,2024-10-29,Sued,DPD,Apparel,52.78,4.0
ORD-2026063,2024-10-29,West,DPD,Books,25.45,3.7
ORD-2028134,2024-10-29,Zentral,DHL,Apparel,41.28,2.1
ORD-2027566,2024-10-29,Nord,DHL,Books,6.76,1.4
ORD-2028501,2024-10-29,Nord,DPD,Food,79.16,3.0
ORD-2026148,2024-10-29,Zentral,DHL,Electronics,62.53,2.6
ORD-2025432,2024-10-29,Zentral,DPD,Apparel,84.37,1.9
ORD-2025290,2024-10-29,Ost,Hermes,Apparel,84.11,1.6
ORD-2025970,2024-10-29,Sued,GLS,Home,197.18,3.7
ORD-2024713,2024-10-29,Nord,Hermes,Books,37.29,5.1
ORD-2027789,2024-10-29,West,Hermes,Electronics,25.22,3.0
ORD-2024881,2024-10-29,Ost,DHL,Home,118.86,1.3
ORD-2026769,2024-10-29,West,DHL,Apparel,21.45,1.0
ORD-2025741,2024-10-29,Sued,Hermes,Apparel,9.04,2.6
ORD-2025130,2024-10-29,Zentral,DHL,Electronics,140.47,2.2
ORD-2025098,2024-10-29,Zentral,DHL,Electronics,80.87,2.3
ORD-2028076,2024-10-29,Sued,DHL,Electronics,73.26,1.0
ORD-2025638,2024-10-30,Nord,Hermes,Books,97.51,5.9
ORD-2027172,2024-10-30,Zentral,UPS,Food,33.66,2.8
ORD-2026135,2024-10-30,West,DHL,Electronics,46.53,1.8
ORD-2026075,2024-10-30,Ost,GLS,Home,83.24,1.0
ORD-2027737,2024-10-30,Zentral,DHL,Books,40.56,4.0
ORD-2024264,2024-10-30,Nord,DHL,Food,138.7,2.5
ORD-2024301,2024-10-30,Sued,DHL,Home,194.82,1.9
ORD-2024323,2024-10-30,West,DHL,Food,427.7,2.1
ORD-2024273,2024-10-30,Sued,GLS,Apparel,218.34,4.8
ORD-2028834,2024-10-30,West,GLS,Apparel,40.38,2.9
ORD-2024075,2024-10-30,Zentral,GLS,Apparel,75.4,4.5
ORD-2028426,2024-10-30,Zentral,DHL,Apparel,19.72,1.6
ORD-2026128,2024-10-30,Zentral,GLS,Apparel,10.24,4.3
ORD-2027503,2024-10-30,Ost,GLS,Electronics,151.4,1.0
ORD-2028615,2024-10-31,Sued,GLS,Home,32.54,1.0
ORD-2024674,2024-10-31,Nord,GLS,Food,34.79,12.8
ORD-2028618,2024-10-31,Nord,DHL,Apparel,38.88,3.6
ORD-2027258,2024-10-31,Sued,UPS,Food,21.64,2.0
ORD-2025527,2024-10-31,Zentral,DHL,Electronics,74.17,3.4
ORD-2026745,2024-10-31,Sued,GLS,Home,154.09,1.8
ORD-2026882,2024-10-31,Sued,UPS,Food,47.65,2.8
ORD-2027440,2024-10-31,Ost,DHL,Electronics,69.62,1.5
ORD-2025223,2024-10-31,West,UPS,Home,53.06,3.2
ORD-2025996,2024-10-31,Ost,DPD,Electronics,52.66,3.5
ORD-2025905,2024-10-31,Zentral,DHL,Electronics,110.93,2.0
ORD-2025020,2024-10-31,Ost,DPD,Apparel,89.75,1.5
ORD-2028373,2024-10-31,West,GLS,Apparel,19.42,3.8
ORD-2025839,2024-10-31,West,Hermes,Apparel,64.33,4.3
ORD-2025427,2024-10-31,Sued,Hermes,Books,16.27,4.0
ORD-2026115,2024-10-31,West,DPD,Electronics,40.23,4.2
ORD-2024404,2024-10-31,Nord,DHL,Apparel,113.52,3.2
ORD-2027390,2024-10-31,West,DHL,Apparel,106.71,3.9
ORD-2028141,2024-11-01,West,DPD,Home,152.82,1.6
ORD-2024791,2024-11-01,Zentral,UPS,Food,29.08,2.6
ORD-2027689,2024-11-01,Sued,Hermes,Home,23.02,3.3
ORD-2027412,2024-11-01,Nord,DHL,Food,36.2,1.7
ORD-2025705,2024-11-01,Sued,DHL,Electronics,82.54,2.6
ORD-2026029,2024-11-01,Sued,DHL,Electronics,40.48,1.6
ORD-2024771,2024-11-01,Nord,DHL,Home,130.74,2.2
ORD-2024377,2024-11-01,Sued,GLS,Electronics,55.02,4.7
ORD-2024186,2024-11-02,Sued,DHL,Apparel,81.99,2.6
ORD-2027196,2024-11-02,Ost,DPD,Home,58.06,2.5
ORD-2027047,2024-11-02,Zentral,DHL,Home,47.23,2.4
ORD-2025887,2024-11-02,Sued,Hermes,Home,137.77,3.8
ORD-2024042,2024-11-02,Sued,DPD,Apparel,34.03,1.8
ORD-2025371,2024-11-02,Nord,DHL,Books,55.34,2.4
ORD-2026962,2024-11-02,Sued,DHL,Apparel,51.96,3.0
ORD-2027263,2024-11-02,Sued,Hermes,Electronics,58.63,2.4
ORD-2027847,2024-11-02,Nord,Hermes,Books,49.18,3.7
ORD-2027317,2024-11-02,Zentral,GLS,Electronics,29.68,8.6
ORD-2027704,2024-11-02,West,DHL,Books,70.26,2.4
ORD-2027506,2024-11-03,West,DPD,Apparel,44.13,3.3
ORD-2024424,2024-11-03,Nord,DPD,Home,36.79,2.2
ORD-2027140,2024-11-03,Nord,DHL,Home,36.29,3.0
ORD-2024247,2024-11-03,Sued,GLS,Electronics,11.74,3.1
ORD-2026458,2024-11-03,Ost,GLS,Food,11.03,4.0
ORD-2026456,2024-11-03,Nord,DPD,Home,73.3,2.5
ORD-2026495,2024-11-03,Nord,DHL,Food,188.92,3.5
ORD-2024797,2024-11-03,Nord,GLS,Electronics,36.25,3.2
ORD-2026041,2024-11-03,Nord,UPS,Home,20.01,2.5
ORD-2027192,2024-11-03,Sued,DHL,Electronics,70.53,2.5
ORD-2027909,2024-11-03,West,DHL,Electronics,88.31,2.3
ORD-2028203,2024-11-03,Sued,Hermes,Apparel,63.29,2.9
ORD-2025068,2024-11-04,Zentral,DHL,Electronics,55.27,3.7
ORD-2028340,2024-11-04,Ost,UPS,Books,62.28,1.0
ORD-2027444,2024-11-04,West,Hermes,Electronics,49.94,3.4
ORD-2028968,2024-11-04,Sued,DHL,Books,52.8,3.5
ORD-2025884,2024-11-04,Ost,DHL,Apparel,67.75,1.5
ORD-2027144,2024-11-04,West,Hermes,Electronics,19.32,4.5
ORD-2025763,2024-11-04,West,DHL,Electronics,55.95,3.7
ORD-2025361,2024-11-04,Nord,DHL,Electronics,211.62,2.7
ORD-2024017,2024-11-04,Nord,DHL,Home,130.01,3.0
ORD-2028359,2024-11-04,Ost,UPS,Home,31.16,3.0
ORD-2028620,2024-11-04,West,DHL,Apparel,32.1,2.6
ORD-2025168,2024-11-04,West,DPD,Home,32.33,3.3
ORD-2028155,2024-11-05,Zentral,Hermes,Books,144.64,5.2
ORD-2025815,2024-11-05,West,Hermes,Home,179.04,2.8
ORD-2028293,2024-11-05,Sued,DHL,Electronics,96.68,2.8
ORD-2027757,2024-11-05,Nord,DHL,Books,12.33,1.8
ORD-2026717,2024-11-05,Nord,DPD,Apparel,105.72,3.9
ORD-2026192,2024-11-05,Sued,DHL,Apparel,74.88,3.3
ORD-2028635,2024-11-05,Sued,DPD,Apparel,55.98,3.4
ORD-2027487,2024-11-05,Zentral,Hermes,Apparel,39.16,6.9
ORD-2028483,2024-11-05,West,Hermes,Food,27.99,16.4
ORD-2025386,2024-11-05,Zentral,DHL,Books,81.98,2.9
ORD-2027253,2024-11-05,Zentral,Hermes,Home,109.47,4.1
ORD-2026403,2024-11-05,Sued,DHL,Electronics,30.49,2.5
ORD-2027774,2024-11-05,West,DHL,Electronics,481.84,3.2
ORD-2026395,2024-11-05,Zentral,GLS,Apparel,81.43,1.8
ORD-2024067,2024-11-05,West,DPD,Electronics,31.47,2.3
ORD-2024293,2024-11-05,Ost,DHL,Electronics,49.32,2.2
ORD-2025368,2024-11-05,Nord,DHL,Electronics,18.3,3.2
ORD-2026105,2024-11-05,Nord,DHL,Books,51.08,4.4
ORD-2025551,2024-11-05,Ost,DPD,Electronics,25.0,3.5
ORD-2024740,2024-11-06,West,DPD,Electronics,100.54,10.7
ORD-2026361,2024-11-06,Sued,DHL,Apparel,13.52,3.6
ORD-2026312,2024-11-06,Sued,Hermes,Books,236.63,4.1
ORD-2025431,2024-11-06,Sued,Hermes,Books,92.39,6.0
ORD-2027202,2024-11-06,Zentral,DPD,Apparel,30.07,3.6
ORD-2027340,2024-11-06,Zentral,GLS,Home,118.59,1.7
ORD-2025492,2024-11-06,Sued,UPS,Apparel,31.57,2.2
ORD-2026056,2024-11-06,Sued,GLS,Home,175.41,2.7
ORD-2024955,2024-11-06,West,DHL,Apparel,14.77,1.2
ORD-2024423,2024-11-06,Ost,GLS,Apparel,91.82,3.4
ORD-2028488,2024-11-06,Zentral,UPS,Home,84.5,2.0
ORD-2028521,2024-11-06,Sued,Hermes,Home,161.12,7.0
ORD-2025276,2024-11-06,Nord,DHL,Apparel,54.93,1.0
ORD-2027962,2024-11-06,Nord,DPD,Apparel,315.41,3.1
ORD-2025999,2024-11-07,West,DHL,Electronics,20.65,1.9
ORD-2025393,2024-11-07,Sued,UPS,Apparel,51.49,2.6
ORD-2026186,2024-11-07,Nord,DPD,Apparel,251.59,2.0
ORD-2027871,2024-11-07,Sued,DHL,Home,104.53,2.6
ORD-2028639,2024-11-07,Sued,GLS,Electronics,38.5,2.9
ORD-2024652,2024-11-07,Nord,DPD,Apparel,29.85,2.8
ORD-2024715,2024-11-07,Zentral,DHL,Food,23.4,3.9
ORD-2027235,2024-11-07,Sued,DHL,Home,22.52,10.4
ORD-2024893,2024-11-07,Nord,GLS,Electronics,14.44,3.2
ORD-2028068,2024-11-07,West,Hermes,Electronics,31.22,4.6
ORD-2028510,2024-11-07,Ost,Hermes,Books,44.69,4.8
ORD-2026704,2024-11-07,Zentral,Hermes,Apparel,97.42,5.7
ORD-2025894,2024-11-07,West,DHL,Books,8.23,2.9
ORD-2027373,2024-11-08,Zentral,Hermes,Electronics,11.32,5.4
ORD-2025353,2024-11-08,West,GLS,Electronics,39.4,3.0
ORD-2028124,2024-11-08,Ost,Hermes,Electronics,21.33,4.1
ORD-2028961,2024-11-08,Zentral,DHL,Food,50.06,1.7
ORD-2028546,2024-11-08,Sued,DHL,Apparel,92.66,3.3
ORD-2026820,2024-11-08,Zentral,GLS,Apparel,86.04,3.9
ORD-2025988,2024-11-08,West,GLS,Apparel,119.98,2.2
ORD-2026873,2024-11-08,Sued,Hermes,Electronics,86.25,5.9
ORD-2025171,2024-11-08,Ost,DHL,Apparel,81.46,1.0
ORD-2026770,2024-11-08,Sued,DHL,Home,31.85,2.9
ORD-2027084,2024-11-08,Ost,UPS,Electronics,51.07,2.3
ORD-2028194,2024-11-08,Zentral,Hermes,Home,22.5,4.7
ORD-2028251,2024-11-08,Ost,GLS,Apparel,41.16,1.9
ORD-2027838,2024-11-08,Nord,DHL,Electronics,45.66,2.0
ORD-2027782,2024-11-08,Nord,DHL,Apparel,50.99,2.7
ORD-2028746,2024-11-08,Sued,GLS,Food,297.96,3.2
ORD-2028672,2024-11-08,Nord,DPD,Home,32.22,3.5
ORD-2025252,2024-11-08,Zentral,DHL,Books,296.63,2.6
ORD-2024777,2024-11-08,Zentral,DHL,Apparel,38.35,1.6
ORD-2025556,2024-11-08,Nord,DHL,Apparel,151.51,1.8
ORD-2028118,2024-11-08,Nord,DHL,Home,19.21,4.1
ORD-2025163,2024-11-08,Ost,DPD,Apparel,30.41,3.6
ORD-2024380,2024-11-08,Zentral,DHL,Apparel,73.71,2.6
ORD-2027642,2024-11-08,Zentral,DHL,Apparel,150.29,2.1
ORD-2028718,2024-11-09,Nord,DHL,Home,93.82,3.0
ORD-2026555,2024-11-09,Nord,DPD,Food,50.57,1.3
ORD-2024533,2024-11-09,Zentral,Hermes,Apparel,74.09,6.9
ORD-2028617,2024-11-09,Zentral,DHL,Food,42.26,3.5
ORD-2028224,2024-11-09,Zentral,DHL,Electronics,94.49,2.8
ORD-2024024,2024-11-09,Nord,GLS,Electronics,34.8,3.3
ORD-2026526,2024-11-09,Ost,DPD,Apparel,25.37,3.3
ORD-2026752,2024-11-09,Zentral,UPS,Food,50.89,2.3
ORD-2028420,2024-11-09,Zentral,Hermes,Food,114.14,6.6
ORD-2028714,2024-11-09,Zentral,Hermes,Electronics,27.93,2.3
ORD-2026482,2024-11-09,Nord,DPD,Food,63.26,5.0
ORD-2028530,2024-11-09,Zentral,DHL,Home,22.25,2.2
ORD-2025654,2024-11-09,Zentral,DHL,Electronics,13.73,3.4
ORD-2026693,2024-11-09,Zentral,UPS,Food,11.71,1.6
ORD-2025862,2024-11-09,Nord,Hermes,Apparel,73.0,3.3
ORD-2027049,2024-11-09,Nord,DPD,Books,30.09,3.8
ORD-2024401,2024-11-09,Ost,DPD,Electronics,49.15,2.8
ORD-2028140,2024-11-09,Ost,DHL,Home,39.61,2.0
ORD-2026875,2024-11-09,Zentral,DHL,Food,56.58,2.7
ORD-2028055,2024-11-10,Nord,DPD,Home,21.31,2.9
ORD-2028231,2024-11-10,West,Hermes,Apparel,135.47,5.1
ORD-2026606,2024-11-10,Ost,GLS,Apparel,11.63,5.5
ORD-2028871,2024-11-10,Sued,DHL,Electronics,67.74,1.4
ORD-2027414,2024-11-10,Zentral,Hermes,Electronics,129.75,3.4
ORD-2025466,2024-11-10,Sued,DHL,Apparel,42.89,2.3
ORD-2028361,2024-11-10,Zentral,DHL,Home,159.35,1.2
ORD-2024734,2024-11-10,Zentral,DHL,Food,84.32,1.7
ORD-2024939,2024-11-10,Sued,DHL,Books,15.15,2.4
ORD-2024190,2024-11-10,Sued,GLS,Food,16.33,3.7
ORD-2026826,2024-11-11,Nord,GLS,Apparel,32.59,5.4
ORD-2025039,2024-11-11,West,DHL,Books,331.73,3.5
ORD-2028798,2024-11-11,Zentral,Hermes,Apparel,89.6,5.3
ORD-2025609,2024-11-11,West,DHL,Apparel,90.84,1.5
ORD-2026279,2024-11-11,Sued,GLS,Home,117.77,1.3
ORD-2026365,2024-11-11,Ost,DHL,Electronics,112.26,3.8
ORD-2026977,2024-11-11,West,Hermes,Apparel,60.45,3.9
ORD-2026422,2024-11-11,Sued,DHL,Books,54.4,3.4
ORD-2025773,2024-11-11,Sued,DHL,Food,42.04,4.1
ORD-2024049,2024-11-11,Zentral,DHL,Books,107.0,2.4
ORD-2025140,2024-11-11,Ost,DHL,Electronics,88.16,3.8
ORD-2027714,2024-11-11,Nord,DHL,Books,52.37,2.2
ORD-2024379,2024-11-11,Zentral,DHL,Food,19.82,3.1
ORD-2026113,2024-11-11,West,GLS,Books,64.55,3.2
ORD-2024694,2024-11-11,Ost,DHL,Electronics,37.02,4.4
ORD-2025953,2024-11-11,West,UPS,Electronics,18.49,1.5
ORD-2024322,2024-11-12,Sued,DHL,Electronics,50.12,3.2
ORD-2028708,2024-11-12,Nord,DHL,Electronics,18.91,1.5
ORD-2028535,2024-11-12,West,DPD,Food,114.97,2.7
ORD-2024845,2024-11-12,Ost,DHL,Electronics,54.02,1.2
ORD-2028605,2024-11-12,Sued,DHL,Food,272.3,2.6
ORD-2025841,2024-11-12,West,Hermes,Home,20.22,2.5
ORD-2024660,2024-11-12,West,GLS,Electronics,77.49,3.0
ORD-2028129,2024-11-12,Ost,DPD,Food,31.07,3.9
ORD-2027134,2024-11-12,Nord,DPD,Home,37.9,3.1
ORD-2024646,2024-11-12,Ost,Hermes,Electronics,27.55,7.0
ORD-2025219,2024-11-13,Ost,GLS,Home,9.9,13.2
ORD-2028116,2024-11-13,Nord,DHL,Apparel,64.23,2.4
ORD-2024196,2024-11-13,Nord,DHL,Apparel,48.21,2.6
ORD-2024183,2024-11-13,Nord,DPD,Books,171.77,3.2
ORD-2028419,2024-11-13,Nord,DHL,Apparel,26.47,3.3
ORD-2025952,2024-11-13,Sued,DHL,Books,89.87,2.4
ORD-2028943,2024-11-13,West,DPD,Apparel,26.74,3.2
ORD-2025022,2024-11-13,West,DHL,Apparel,86.08,3.6
ORD-2028716,2024-11-13,Zentral,DPD,Electronics,97.84,2.0
ORD-2025506,2024-11-13,West,UPS,Home,47.37,1.8
ORD-2025854,2024-11-13,West,GLS,Apparel,75.87,2.5
ORD-2025856,2024-11-13,Nord,GLS,Electronics,23.96,16.2
ORD-2027250,2024-11-13,West,DPD,Apparel,5.0,2.7
ORD-2024951,2024-11-13,West,DPD,Apparel,216.84,4.7
ORD-2028763,2024-11-13,West,DPD,Food,16.85,4.8
ORD-2028277,2024-11-13,Nord,Hermes,Electronics,53.1,1.7
ORD-2024440,2024-11-13,Sued,Hermes,Books,7.15,4.1
ORD-2025434,2024-11-13,Zentral,DPD,Apparel,46.69,1.9
ORD-2025617,2024-11-13,Sued,DHL,Books,98.09,3.4
ORD-2028311,2024-11-13,West,DHL,Apparel,35.07,1.7
ORD-2024433,2024-11-14,Nord,DPD,Food,113.67,3.0
ORD-2025687,2024-11-14,Ost,DPD,Food,52.35,2.8
ORD-2028298,2024-11-14,Sued,DHL,Electronics,36.23,1.7
ORD-2025012,2024-11-14,Nord,DHL,Home,16.06,1.6
ORD-2025785,2024-11-14,West,DHL,Home,17.58,1.7
ORD-2026929,2024-11-14,Sued,DHL,Home,20.28,1.9
ORD-2028433,2024-11-14,Nord,DPD,Apparel,121.6,4.5
ORD-2025165,2024-11-14,Zentral,GLS,Home,50.79,4.6
ORD-2024868,2024-11-14,Sued,Hermes,Electronics,37.96,3.5
ORD-2025535,2024-11-14,Nord,GLS,Food,39.99,3.0
ORD-2025236,2024-11-14,Nord,GLS,Books,27.76,5.7
ORD-2028516,2024-11-14,Nord,UPS,Electronics,25.47,1.0
ORD-2026746,2024-11-14,Zentral,DHL,Apparel,22.82,2.1
ORD-2026764,2024-11-14,West,DPD,Apparel,6.58,3.0
ORD-2025796,2024-11-15,Sued,DPD,Electronics,5.0,1.0
ORD-2027953,2024-11-15,Zentral,DHL,Home,30.58,1.7
ORD-2027692,2024-11-15,Zentral,DHL,Home,25.98,2.9
ORD-2024994,2024-11-15,West,UPS,Books,24.9,1.8
ORD-2028240,2024-11-15,Sued,Hermes,Food,10.47,3.3
ORD-2026246,2024-11-15,West,UPS,Electronics,65.62,2.3
ORD-2026806,2024-11-15,Sued,DHL,Electronics,47.92,2.4
ORD-2024040,2024-11-15,Zentral,GLS,Home,27.17,5.1
ORD-2028604,2024-11-15,Ost,GLS,Apparel,22.69,3.2
ORD-2027138,2024-11-15,Sued,DHL,Food,16.28,2.3
ORD-2027554,2024-11-15,Sued,DPD,Home,29.25,3.4
ORD-2026680,2024-11-15,West,GLS,Apparel,153.21,5.7
ORD-2025751,2024-11-15,West,DHL,Books,38.2,3.0
ORD-2024937,2024-11-15,Zentral,DPD,Food,61.49,5.6
ORD-2025032,2024-11-15,Sued,DPD,Food,37.19,2.3
ORD-2025030,2024-11-15,Sued,DHL,Apparel,27.36,2.3
ORD-2028690,2024-11-15,Sued,Hermes,Electronics,189.94,5.7
ORD-2026566,2024-11-15,Sued,DHL,Home,25.34,3.0
ORD-2026334,2024-11-16,Zentral,Hermes,Food,34.27,8.4
ORD-2027635,2024-11-16,Sued,DHL,Apparel,65.74,3.6
ORD-2028640,2024-11-16,West,DHL,Food,38.01,2.6
ORD-2027983,2024-11-16,Sued,UPS,Home,107.78,1.7
ORD-2025251,2024-11-16,Sued,GLS,Books,30.46,5.0
ORD-2026400,2024-11-16,Sued,Hermes,Apparel,34.49,4.2
ORD-2025011,2024-11-16,Zentral,DHL,Apparel,51.36,2.6
ORD-2028896,2024-11-16,Sued,DHL,Food,28.99,3.1
ORD-2028437,2024-11-16,West,UPS,Home,33.96,2.6
ORD-2024384,2024-11-16,West,Hermes,Food,41.61,6.2
ORD-2027893,2024-11-16,Sued,Hermes,Electronics,112.78,4.5
ORD-2027814,2024-11-16,West,DHL,Home,52.2,1.4
ORD-2027397,2024-11-16,Nord,Hermes,Apparel,7.94,1.1
ORD-2028179,2024-11-16,Ost,Hermes,Home,209.56,6.3
ORD-2024619,2024-11-16,Sued,Hermes,Electronics,23.58,2.5
ORD-2027382,2024-11-16,Sued,GLS,Apparel,62.43,3.8
ORD-2027339,2024-11-16,Sued,DPD,Books,30.99,2.9
ORD-2028005,2024-11-17,Sued,DHL,Apparel,48.69,1.4
ORD-2028924,2024-11-17,Zentral,UPS,Apparel,49.55,2.3
ORD-2028676,2024-11-17,Nord,DPD,Apparel,124.39,1.8
ORD-2027620,2024-11-17,Sued,Hermes,Books,34.7,6.0
ORD-2028927,2024-11-17,Zentral,DHL,Books,35.1,3.9
ORD-2024965,2024-11-17,Ost,DHL,Apparel,21.76,1.4
ORD-2028307,2024-11-17,Ost,Hermes,Electronics,27.34,5.9
ORD-2024390,2024-11-17,Zentral,DHL,Home,22.27,3.2
ORD-2025089,2024-11-17,West,DPD,Food,50.61,4.9
ORD-2028339,2024-11-17,Zentral,DHL,Apparel,27.67,2.1
ORD-2026356,2024-11-18,West,GLS,Electronics,37.64,3.7
ORD-2027551,2024-11-18,Nord,DHL,Books,36.94,2.5
ORD-2025621,2024-11-18,Sued,DHL,Home,107.07,2.5
ORD-2028028,2024-11-18,Nord,DPD,Home,130.96,2.6
ORD-2024350,2024-11-18,Zentral,GLS,Apparel,38.74,1.7
ORD-2025589,2024-11-18,Ost,DPD,Home,44.73,2.0
ORD-2024511,2024-11-18,Ost,DHL,Apparel,50.26,16.0
ORD-2024357,2024-11-18,Ost,GLS,Books,48.13,3.0
ORD-2028105,2024-11-18,Nord,DPD,Books,121.73,3.4
ORD-2028342,2024-11-18,West,DPD,Apparel,54.85,4.1
ORD-2026251,2024-11-18,Zentral,DHL,Apparel,93.58,2.0
ORD-2027540,2024-11-18,Ost,DHL,Home,39.74,2.1
ORD-2028685,2024-11-18,West,DHL,Home,33.7,3.4
ORD-2025254,2024-11-18,Ost,Hermes,Electronics,25.48,2.8
ORD-2025143,2024-11-19,Zentral,DHL,Books,76.77,2.1
ORD-2027177,2024-11-19,Sued,DHL,Apparel,6.41,3.0
ORD-2025521,2024-11-19,West,Hermes,Books,5.33,5.0
ORD-2028485,2024-11-19,Zentral,UPS,Electronics,55.85,1.6
ORD-2026092,2024-11-19,Ost,GLS,Home,38.59,2.7
ORD-2025696,2024-11-19,West,Hermes,Electronics,43.88,3.7
ORD-2024221,2024-11-19,Sued,GLS,Home,44.53,4.3
ORD-2028171,2024-11-19,Nord,GLS,Food,418.94,2.9
ORD-2024983,2024-11-19,Zentral,DPD,Apparel,79.0,2.7
ORD-2026156,2024-11-19,Sued,DPD,Electronics,273.9,2.5
ORD-2028094,2024-11-19,Zentral,Hermes,Home,183.82,3.6
ORD-2027456,2024-11-19,Zentral,DHL,Electronics,23.92,1.2
ORD-2028046,2024-11-19,West,GLS,Apparel,26.4,3.9
ORD-2026579,2024-11-19,Ost,Hermes,Food,61.51,2.1
ORD-2025109,2024-11-19,Nord,DHL,Home,66.18,2.3
ORD-2027300,2024-11-19,Zentral,Hermes,Books,172.05,5.4
ORD-2028613,2024-11-20,Zentral,DPD,Apparel,32.13,4.8
ORD-2027691,2024-11-20,Zentral,Hermes,Electronics,33.33,3.0
ORD-2027171,2024-11-20,Zentral,DPD,Electronics,64.22,1.0
ORD-2027055,2024-11-20,West,DPD,Apparel,14.38,2.2
ORD-2024486,2024-11-20,Ost,DHL,Books,33.98,2.5
ORD-2025950,2024-11-20,West,DHL,Books,36.15,2.9
ORD-2027541,2024-11-20,Sued,GLS,Apparel,30.03,4.7
ORD-2027393,2024-11-20,West,DHL,Apparel,78.53,2.8
ORD-2026787,2024-11-20,Ost,Hermes,Food,185.62,1.0
ORD-2024228,2024-11-20,Ost,Hermes,Electronics,53.06,3.5
ORD-2028310,2024-11-20,Zentral,Hermes,Food,45.72,1.8
ORD-2027016,2024-11-20,Sued,DHL,Electronics,36.55,1.4
ORD-2027401,2024-11-20,Ost,DHL,Apparel,11.14,2.7
ORD-2024495,2024-11-20,Sued,Hermes,Electronics,139.32,3.8
ORD-2026016,2024-11-20,Sued,Hermes,Apparel,15.23,4.6
ORD-2028122,2024-11-21,West,DPD,Electronics,33.25,1.3
ORD-2025960,2024-11-21,Ost,DPD,Apparel,251.85,2.1
ORD-2024237,2024-11-21,Zentral,DHL,Books,109.64,2.5
ORD-2026822,2024-11-21,Ost,DHL,Electronics,39.95,2.3
ORD-2024847,2024-11-21,Nord,DHL,Home,60.86,2.7
ORD-2025683,2024-11-21,West,DHL,Electronics,42.42,2.4
ORD-2028350,2024-11-21,Nord,DHL,Electronics,38.0,2.9
ORD-2028782,2024-11-21,Zentral,DHL,Electronics,80.36,2.4
ORD-2024981,2024-11-21,Ost,DHL,Electronics,354.39,1.0
ORD-2027771,2024-11-21,Zentral,DHL,Electronics,23.58,2.2
ORD-2026142,2024-11-21,West,GLS,Apparel,27.61,4.4
ORD-2026294,2024-11-21,Sued,GLS,Apparel,36.23,2.9
ORD-2024407,2024-11-21,Zentral,DHL,Apparel,103.8,1.8
ORD-2025336,2024-11-21,Sued,DHL,Electronics,9.95,4.1
ORD-2027572,2024-11-22,Nord,DPD,Books,21.73,1.0
ORD-2025213,2024-11-22,Nord,DHL,Home,259.32,2.5
ORD-2028898,2024-11-22,Nord,DHL,Electronics,97.42,2.2
ORD-2024153,2024-11-22,Sued,DHL,Food,49.41,4.1
ORD-2028077,2024-11-22,Nord,DHL,Apparel,33.9,2.1
ORD-2027125,2024-11-22,Sued,DHL,Electronics,67.94,3.6
ORD-2028026,2024-11-22,West,GLS,Home,88.82,3.4
ORD-2024622,2024-11-22,Ost,UPS,Food,68.87,1.6
ORD-2026889,2024-11-22,Sued,Hermes,Home,113.05,2.9
ORD-2024096,2024-11-22,West,DPD,Electronics,76.25,2.4
ORD-2025146,2024-11-23,Sued,Hermes,Home,128.26,4.9
ORD-2028260,2024-11-23,West,DHL,Food,26.77,3.8
ORD-2026066,2024-11-23,Sued,DHL,Apparel,20.97,2.3
ORD-2025054,2024-11-23,West,DHL,Home,126.36,3.2
ORD-2025034,2024-11-23,Nord,Hermes,Books,27.47,4.7
ORD-2026127,2024-11-23,Nord,DHL,Electronics,12.13,2.5
ORD-2025604,2024-11-23,West,Hermes,Apparel,71.51,2.2
ORD-2025465,2024-11-23,West,DHL,Apparel,50.17,2.3
ORD-2025256,2024-11-23,Nord,DHL,Apparel,77.31,3.1
ORD-2024112,2024-11-23,Ost,Hermes,Home,77.14,3.6
ORD-2025851,2024-11-23,Ost,DHL,Home,29.79,2.7
ORD-2027530,2024-11-23,Nord,UPS,Books,39.25,1.0
ORD-2027536,2024-11-23,Sued,Hermes,Apparel,29.36,6.3
ORD-2028252,2024-11-23,Sued,DHL,Electronics,141.69,2.0
ORD-2027105,2024-11-23,Ost,DHL,Books,72.93,3.7
ORD-2027529,2024-11-24,West,DPD,Electronics,145.97,2.9
ORD-2026576,2024-11-24,Zentral,DPD,Apparel,140.42,4.8
ORD-2025583,2024-11-24,Ost,DPD,Food,48.57,3.1
ORD-2026850,2024-11-24,Ost,DHL,Food,31.96,1.4
ORD-2024045,2024-11-24,Ost,DHL,Home,31.83,1.9
ORD-2027755,2024-11-24,Zentral,DHL,Home,100.32,2.9
ORD-2026442,2024-11-24,Nord,UPS,Apparel,47.15,2.2
ORD-2025014,2024-11-24,West,Hermes,Home,51.44,3.6
ORD-2025093,2024-11-25,Ost,GLS,Apparel,63.47,3.5
ORD-2026915,2024-11-25,West,GLS,Apparel,19.53,3.0
ORD-2024514,2024-11-25,Zentral,UPS,Food,21.19,2.8
ORD-2026122,2024-11-25,West,Hermes,Apparel,21.66,4.1
ORD-2025553,2024-11-25,Nord,DHL,Electronics,32.17,2.8
ORD-2024682,2024-11-25,Nord,Hermes,Electronics,36.08,4.0
ORD-2028594,2024-11-25,Zentral,DPD,Apparel,479.0,2.9
ORD-2028387,2024-11-25,West,DHL,Food,383.38,3.5
ORD-2025278,2024-11-25,Nord,DHL,Apparel,149.26,3.9
ORD-2024810,2024-11-25,West,DHL,Food,97.5,1.8
ORD-2025124,2024-11-25,Sued,DPD,Electronics,46.03,2.6
ORD-2025429,2024-11-25,West,Hermes,Electronics,79.9,6.9
ORD-2026907,2024-11-25,Nord,Hermes,Apparel,21.17,4.3
ORD-2028696,2024-11-26,Sued,DHL,Electronics,38.18,1.9
ORD-2024169,2024-11-26,Zentral,DHL,Apparel,23.99,2.1
ORD-2026102,2024-11-26,West,Hermes,Home,128.07,2.0
ORD-2027939,2024-11-26,Ost,DHL,Apparel,42.18,3.8
ORD-2028422,2024-11-26,West,UPS,Apparel,23.38,2.6
ORD-2027849,2024-11-26,West,Hermes,Apparel,17.42,3.4
ORD-2027873,2024-11-26,Zentral,DHL,Apparel,52.36,2.3
ORD-2024010,2024-11-26,Zentral,DHL,Electronics,5.0,1.9
ORD-2028266,2024-11-26,Nord,Hermes,Food,99.17,8.6
ORD-2024597,2024-11-26,Sued,DPD,Apparel,109.08,5.4
ORD-2024950,2024-11-26,Sued,GLS,Electronics,57.03,4.1
ORD-2028813,2024-11-26,Nord,DHL,Books,69.63,1.9
ORD-2026355,2024-11-26,Ost,DHL,Food,62.55,1.8
ORD-2027318,2024-11-26,Zentral,GLS,Home,18.65,2.3
ORD-2025595,2024-11-27,Zentral,DPD,Apparel,53.98,3.4
ORD-2025979,2024-11-27,West,Hermes,Books,37.66,4.7
ORD-2027309,2024-11-27,Nord,DPD,Books,74.58,3.1
ORD-2027956,2024-11-27,Nord,GLS,Food,47.67,3.4
ORD-2025904,2024-11-27,Nord,Hermes,Home,161.08,1.9
ORD-2025110,2024-11-27,West,DHL,Books,44.83,3.9
ORD-2027184,2024-11-27,Sued,DHL,Apparel,100.49,3.2
ORD-2028135,2024-11-27,Sued,DHL,Home,21.18,3.1
ORD-2028737,2024-11-27,Nord,DHL,Apparel,51.4,1.9
ORD-2027279,2024-11-27,West,DHL,Apparel,29.53,3.1
ORD-2028677,2024-11-28,West,DHL,Electronics,44.76,3.2
ORD-2026309,2024-11-28,Nord,DHL,Apparel,204.82,2.3
ORD-2026544,2024-11-28,West,DHL,Books,14.39,1.9
ORD-2027271,2024-11-28,West,DHL,Food,102.48,3.8
ORD-2024999,2024-11-28,Sued,GLS,Apparel,92.11,3.5
ORD-2025540,2024-11-28,Zentral,UPS,Food,66.22,1.5
ORD-2027940,2024-11-28,Sued,DPD,Apparel,143.68,3.5
ORD-2027091,2024-11-28,Nord,DHL,Home,81.36,2.4
ORD-2026607,2024-11-29,Sued,UPS,Electronics,44.19,2.3
ORD-2025024,2024-11-29,Zentral,DPD,Home,128.42,3.1
ORD-2026004,2024-11-29,Ost,Hermes,Home,68.94,1.0
ORD-2026419,2024-11-29,West,DHL,Apparel,21.46,4.2
ORD-2025947,2024-11-29,Sued,DPD,Electronics,138.85,4.7
ORD-2028272,2024-11-29,West,DHL,Electronics,79.32,2.4
ORD-2026161,2024-11-29,Sued,GLS,Home,19.56,4.4
ORD-2027110,2024-11-29,Sued,DHL,Apparel,23.99,2.8
ORD-2027146,2024-11-29,West,DHL,Food,30.85,2.9
ORD-2025925,2024-11-30,Zentral,Hermes,Home,190.67,5.3
ORD-2024800,2024-11-30,Sued,DHL,Apparel,29.54,1.9
ORD-2027365,2024-11-30,Ost,DHL,Books,147.61,2.5
ORD-2028467,2024-11-30,West,DHL,Apparel,99.92,1.7
ORD-2024795,2024-11-30,Zentral,GLS,Electronics,185.63,2.2
ORD-2028669,2024-11-30,Sued,GLS,Books,46.98,3.5
ORD-2025689,2024-11-30,Sued,DHL,Food,65.05,3.8
ORD-2028679,2024-11-30,West,UPS,Home,34.53,2.5
ORD-2025460,2024-11-30,Nord,DHL,Books,120.92,1.9
ORD-2024975,2024-11-30,Zentral,DHL,Home,37.07,3.4
ORD-2027659,2024-11-30,Nord,Hermes,Apparel,43.57,4.3
ORD-2024969,2024-11-30,Nord,UPS,Home,69.57,2.9
ORD-2024499,2024-12-01,Zentral,GLS,Apparel,63.37,3.9
ORD-2026402,2024-12-01,West,UPS,Apparel,72.17,4.6
ORD-2026843,2024-12-01,Zentral,Hermes,Apparel,105.27,7.1
ORD-2025632,2024-12-01,Sued,DHL,Electronics,43.26,3.7
ORD-2026380,2024-12-01,Ost,GLS,Books,33.0,3.2
ORD-2027975,2024-12-01,Zentral,GLS,Books,53.47,3.2
ORD-2026147,2024-12-01,Ost,UPS,Electronics,45.71,4.0
ORD-2028237,2024-12-01,West,DPD,Books,21.11,4.3
ORD-2028643,2024-12-01,West,DHL,Apparel,100.63,4.6
ORD-2026734,2024-12-01,Sued,UPS,Home,98.46,3.2
ORD-2028755,2024-12-01,Ost,DHL,Electronics,46.41,4.1
ORD-2026980,2024-12-01,Ost,DPD,Food,10.38,1.9
ORD-2026042,2024-12-01,West,UPS,Apparel,32.63,2.6
ORD-2024826,2024-12-01,Nord,Hermes,Food,76.79,7.1
ORD-2028532,2024-12-01,Ost,DPD,Electronics,83.02,5.2
ORD-2024871,2024-12-02,West,DHL,Electronics,222.97,3.6
ORD-2028206,2024-12-02,West,DPD,Apparel,125.19,4.8
ORD-2025401,2024-12-02,Sued,DHL,Food,83.94,2.7
ORD-2025737,2024-12-02,Nord,Hermes,Home,65.74,3.8
ORD-2027533,2024-12-02,Ost,UPS,Food,75.05,2.3
ORD-2027798,2024-12-02,Zentral,GLS,Electronics,34.19,5.6
ORD-2024525,2024-12-02,Zentral,DHL,Food,10.87,4.0
ORD-2027532,2024-12-02,Nord,DHL,Home,267.55,4.7
ORD-2026798,2024-12-02,Ost,GLS,Books,45.29,3.8
ORD-2026571,2024-12-02,Nord,DHL,Apparel,128.25,3.6
ORD-2025202,2024-12-02,Ost,DPD,Electronics,30.01,5.1
ORD-2028215,2024-12-02,West,DHL,Apparel,38.29,4.0
ORD-2027646,2024-12-02,Sued,DHL,Food,74.94,4.7
ORD-2028297,2024-12-03,Ost,DHL,Electronics,34.93,3.2
ORD-2027048,2024-12-03,West,GLS,Home,125.26,3.4
ORD-2025573,2024-12-03,Nord,Hermes,Apparel,21.38,4.6
ORD-2024793,2024-12-03,Zentral,DHL,Apparel,210.97,4.9
ORD-2028452,2024-12-03,West,UPS,Apparel,146.68,4.6
ORD-2024250,2024-12-03,Zentral,Hermes,Apparel,27.11,6.7
ORD-2024291,2024-12-03,Nord,DHL,Apparel,32.76,3.6
ORD-2027703,2024-12-03,Zentral,GLS,Apparel,201.67,4.4
ORD-2027670,2024-12-03,Zentral,DHL,Electronics,79.39,5.2
ORD-2027466,2024-12-03,Nord,DPD,Books,54.43,6.7
ORD-2028428,2024-12-03,Nord,GLS,Apparel,91.71,5.0
ORD-2026856,2024-12-03,Nord,DHL,Apparel,133.32,3.5
ORD-2026489,2024-12-03,Nord,Hermes,Apparel,38.64,3.9
ORD-2027298,2024-12-03,Ost,GLS,Home,33.34,3.2
ORD-2025797,2024-12-03,Sued,Hermes,Food,143.79,7.4
ORD-2028424,2024-12-03,Nord,DHL,Electronics,57.04,3.1
ORD-2024084,2024-12-03,West,DHL,Electronics,65.86,3.7
ORD-2028649,2024-12-04,Zentral,DHL,Electronics,56.51,3.9
ORD-2028851,2024-12-04,Ost,DHL,Books,26.01,5.4
ORD-2028232,2024-12-04,Sued,DPD,Electronics,32.26,3.9
ORD-2028221,2024-12-04,West,GLS,Apparel,61.45,6.5
ORD-2028686,2024-12-04,Zentral,Hermes,Apparel,62.35,2.9
ORD-2025437,2024-12-04,Zentral,UPS,Apparel,22.79,2.8
ORD-2026100,2024-12-04,Sued,DHL,Apparel,16.51,3.3
ORD-2028234,2024-12-04,Nord,DHL,Apparel,86.09,2.5
ORD-2024616,2024-12-04,Nord,Hermes,Home,27.62,2.2
ORD-2024576,2024-12-04,West,UPS,Books,57.03,4.5
ORD-2025045,2024-12-04,West,DHL,Electronics,32.76,4.1
ORD-2028895,2024-12-04,Nord,DHL,Electronics,197.29,2.6
ORD-2027887,2024-12-04,West,Hermes,Electronics,41.94,4.5
ORD-2024167,2024-12-05,West,GLS,Home,85.36,5.8
ORD-2024055,2024-12-05,Sued,DPD,Apparel,15.54,4.3
ORD-2027234,2024-12-05,Zentral,DHL,Books,13.19,4.4
ORD-2028202,2024-12-05,Zentral,DHL,Home,59.45,5.2
ORD-2027815,2024-12-05,Zentral,DHL,Electronics,114.82,3.2
ORD-2028785,2024-12-05,Ost,Hermes,Electronics,12.2,4.7
ORD-2024503,2024-12-05,West,GLS,Apparel,56.19,7.1
ORD-2024812,2024-12-05,West,DPD,Electronics,47.67,2.9
ORD-2024284,2024-12-05,Zentral,Hermes,Home,13.09,3.0
ORD-2025515,2024-12-05,Ost,UPS,Apparel,28.54,4.1
ORD-2027731,2024-12-05,Nord,DHL,Electronics,9.88,3.4
ORD-2028940,2024-12-05,Zentral,Hermes,Food,458.85,2.5
ORD-2027297,2024-12-05,Nord,GLS,Electronics,24.57,5.8
ORD-2025781,2024-12-05,Ost,Hermes,Books,112.51,2.3
ORD-2028783,2024-12-05,West,Hermes,Food,53.41,5.7
ORD-2026037,2024-12-05,Nord,GLS,Home,42.76,5.0
ORD-2024783,2024-12-06,Nord,DHL,Electronics,48.78,3.3
ORD-2026352,2024-12-06,West,DHL,Home,114.74,4.6
ORD-2028392,2024-12-06,Zentral,Hermes,Electronics,115.45,6.3
ORD-2026045,2024-12-06,Ost,GLS,Books,74.94,5.8
ORD-2024475,2024-12-06,Nord,Hermes,Food,264.83,3.2
ORD-2028494,2024-12-06,Ost,DHL,Books,54.05,4.2
ORD-2026884,2024-12-06,West,DPD,Books,66.09,2.6
ORD-2027474,2024-12-06,Sued,Hermes,Food,196.0,2.0
ORD-2027451,2024-12-06,Sued,Hermes,Electronics,154.62,7.5
ORD-2025339,2024-12-06,Sued,DHL,Books,37.14,4.6
ORD-2028455,2024-12-06,Zentral,DHL,Electronics,52.89,2.9
ORD-2024729,2024-12-06,Sued,DPD,Books,54.98,4.1
ORD-2027247,2024-12-06,Ost,Hermes,Apparel,20.84,7.1
ORD-2028848,2024-12-06,West,DPD,Food,51.53,3.7
ORD-2026908,2024-12-06,West,DHL,Electronics,33.31,3.2
ORD-2024620,2024-12-07,Sued,DHL,Books,63.17,3.0
ORD-2024733,2024-12-07,Nord,DHL,Electronics,123.91,3.5
ORD-2025351,2024-12-07,Zentral,DPD,Food,71.97,4.7
ORD-2026837,2024-12-07,Sued,DHL,Books,24.7,3.6
ORD-2026364,2024-12-07,Zentral,DHL,Electronics,29.47,3.9
ORD-2025304,2024-12-07,Nord,DPD,Electronics,23.43,5.0
ORD-2026293,2024-12-07,Nord,UPS,Home,360.33,3.2
ORD-2028133,2024-12-07,West,DPD,Home,107.23,5.9
ORD-2027990,2024-12-07,Sued,DHL,Electronics,18.92,3.0
ORD-2025208,2024-12-07,Nord,GLS,Books,20.33,3.7
ORD-2027443,2024-12-07,Zentral,UPS,Food,45.27,2.8
ORD-2027208,2024-12-07,West,DHL,Books,41.38,3.8
ORD-2024363,2024-12-07,Zentral,Hermes,Electronics,34.12,3.4
ORD-2024393,2024-12-07,West,DHL,Electronics,16.97,3.5
ORD-2024564,2024-12-07,Sued,UPS,Home,428.67,4.2
ORD-2024403,2024-12-07,Nord,GLS,Books,58.06,4.3
ORD-2027292,2024-12-08,Sued,DHL,Home,162.41,3.4
ORD-2027445,2024-12-08,Nord,DHL,Home,60.42,2.7
ORD-2028053,2024-12-08,West,GLS,Home,95.87,3.1
ORD-2027687,2024-12-08,Sued,DHL,Home,95.92,4.3
ORD-2028139,2024-12-08,Ost,DHL,Electronics,36.77,2.9
ORD-2024210,2024-12-08,Nord,Hermes,Electronics,70.06,1.7
ORD-2027183,2024-12-08,Ost,DPD,Apparel,88.54,3.8
ORD-2028864,2024-12-08,Zentral,DHL,Books,34.01,5.9
ORD-2027073,2024-12-08,Ost,DHL,Food,43.98,4.3
ORD-2026141,2024-12-08,Nord,GLS,Books,33.19,6.6
ORD-2026537,2024-12-08,Sued,UPS,Home,38.35,2.3
ORD-2027760,2024-12-08,Nord,DHL,Home,84.79,2.7
ORD-2028891,2024-12-08,Sued,GLS,Apparel,35.46,4.4
ORD-2027261,2024-12-09,Sued,GLS,Electronics,54.89,3.6
ORD-2026538,2024-12-09,Nord,DHL,Food,74.95,3.3
ORD-2027256,2024-12-09,Zentral,GLS,Home,30.18,5.4
ORD-2026104,2024-12-09,Nord,DPD,Books,44.52,3.4
ORD-2024098,2024-12-09,Ost,DHL,Electronics,72.7,2.3
ORD-2025680,2024-12-09,Sued,UPS,Home,37.47,2.6
ORD-2027402,2024-12-09,Sued,GLS,Apparel,28.24,2.9
ORD-2028608,2024-12-09,West,DHL,Books,32.75,3.7
ORD-2025537,2024-12-09,West,GLS,Apparel,74.05,4.8
ORD-2027113,2024-12-09,Zentral,DHL,Apparel,49.36,2.7
ORD-2024019,2024-12-09,Ost,DHL,Electronics,24.44,3.7
ORD-2025528,2024-12-09,Ost,Hermes,Electronics,29.13,3.6
ORD-2025788,2024-12-09,Ost,UPS,Electronics,31.44,3.0
ORD-2025193,2024-12-09,Zentral,DHL,Home,231.49,4.3
ORD-2026922,2024-12-09,West,Hermes,Home,155.32,8.3
ORD-2028518,2024-12-09,Zentral,UPS,Books,61.16,11.0
ORD-2028320,2024-12-10,Ost,DHL,Electronics,89.75,3.6
ORD-2026067,2024-12-10,Sued,DHL,Food,44.09,4.7
ORD-2026224,2024-12-10,Ost,DHL,Electronics,71.14,1.5
ORD-2025962,2024-12-10,West,Hermes,Apparel,21.48,2.5
ORD-2025643,2024-12-10,Nord,Hermes,Apparel,32.67,5.6
ORD-2024028,2024-12-10,Nord,DPD,Home,73.44,4.1
ORD-2026883,2024-12-10,Zentral,DHL,Home,110.17,3.6
ORD-2024095,2024-12-10,West,DPD,Food,25.35,4.8
ORD-2028893,2024-12-10,Zentral,GLS,Apparel,28.36,6.0
ORD-2026639,2024-12-10,Zentral,DPD,Food,16.0,4.9
ORD-2028445,2024-12-10,West,DPD,Books,7.1,4.3
ORD-2026177,2024-12-10,Zentral,DHL,Food,22.9,3.9
ORD-2026433,2024-12-10,Nord,Hermes,Apparel,93.51,5.0
ORD-2024242,2024-12-11,Zentral,UPS,Apparel,43.82,2.5
ORD-2028036,2024-12-11,Sued,UPS,Food,55.33,3.0
ORD-2025131,2024-12-11,West,DPD,Home,18.51,5.2
ORD-2028760,2024-12-11,West,DHL,Books,48.64,2.2
ORD-2024135,2024-12-11,Ost,GLS,Books,33.38,5.8
ORD-2024852,2024-12-11,Zentral,UPS,Books,233.97,4.2
ORD-2027812,2024-12-11,Ost,DHL,Apparel,264.91,4.5
ORD-2028733,2024-12-11,Sued,DPD,Apparel,48.77,4.6
ORD-2024437,2024-12-11,Ost,Hermes,Home,46.73,5.8
ORD-2024635,2024-12-11,Nord,DHL,Apparel,59.88,3.8
ORD-2024053,2024-12-11,West,GLS,Electronics,26.62,15.9
ORD-2024260,2024-12-11,Nord,Hermes,Food,15.31,4.8
ORD-2025160,2024-12-11,Ost,Hermes,Electronics,21.78,8.1
ORD-2024796,2024-12-12,Sued,DPD,Electronics,58.92,4.6
ORD-2027290,2024-12-12,Sued,GLS,Apparel,72.86,3.1
ORD-2026386,2024-12-12,Nord,DPD,Food,52.74,3.5
ORD-2025182,2024-12-12,West,DHL,Food,19.92,4.6
ORD-2028826,2024-12-12,Zentral,DHL,Electronics,21.72,3.6
ORD-2025626,2024-12-12,West,Hermes,Apparel,46.91,6.1
ORD-2027060,2024-12-12,West,GLS,Home,131.1,4.0
ORD-2028700,2024-12-12,Nord,DPD,Electronics,110.22,4.1
ORD-2027211,2024-12-12,Zentral,DHL,Home,208.02,2.5
ORD-2026214,2024-12-12,Zentral,Hermes,Electronics,39.09,3.7
ORD-2026591,2024-12-12,West,DPD,Home,30.77,3.3
ORD-2028497,2024-12-13,West,DHL,Home,23.45,4.1
ORD-2024171,2024-12-13,Zentral,Hermes,Electronics,106.55,6.1
ORD-2028705,2024-12-13,Nord,UPS,Apparel,67.81,2.9
ORD-2026326,2024-12-13,Ost,UPS,Electronics,22.82,2.6
ORD-2024762,2024-12-13,Nord,GLS,Books,45.71,7.3
ORD-2028399,2024-12-13,Sued,DHL,Electronics,45.4,4.7
ORD-2025853,2024-12-13,Zentral,UPS,Apparel,87.92,3.3
ORD-2027203,2024-12-13,Nord,DPD,Home,27.11,4.2
ORD-2024689,2024-12-13,Zentral,DHL,Apparel,15.78,2.5
ORD-2026641,2024-12-13,Ost,Hermes,Apparel,62.96,2.9
ORD-2024649,2024-12-13,Sued,DPD,Apparel,26.74,6.6
ORD-2024339,2024-12-14,Zentral,DHL,Food,473.11,3.7
ORD-2027548,2024-12-14,Ost,DHL,Electronics,51.36,3.9
ORD-2025033,2024-12-14,Sued,GLS,Food,22.94,4.9
ORD-2024290,2024-12-14,Sued,GLS,Home,119.5,3.1
ORD-2026424,2024-12-14,West,Hermes,Home,25.58,4.5
ORD-2028011,2024-12-14,Nord,DHL,Home,39.13,4.6
ORD-2024238,2024-12-14,Sued,Hermes,Books,100.6,5.5
ORD-2026805,2024-12-14,Sued,DHL,Apparel,57.1,2.5
ORD-2025618,2024-12-14,Zentral,DHL,Food,37.21,3.7
ORD-2024460,2024-12-14,Ost,DHL,Books,79.92,2.8
ORD-2025770,2024-12-14,Ost,DHL,Home,69.09,4.0
ORD-2024001,2024-12-14,Nord,DHL,Apparel,216.23,4.9
ORD-2028042,2024-12-14,West,DHL,Electronics,42.48,2.8
ORD-2025487,2024-12-14,Ost,DHL,Books,19.55,3.5
ORD-2025549,2024-12-14,Sued,Hermes,Electronics,36.75,1.6
ORD-2025249,2024-12-14,Sued,UPS,Home,17.64,2.9
ORD-2027680,2024-12-14,Nord,DPD,Home,45.29,3.5
ORD-2025980,2024-12-15,Nord,DPD,Apparel,95.71,2.9
ORD-2027333,2024-12-15,Nord,DHL,Apparel,19.1,3.1
ORD-2026178,2024-12-15,Ost,UPS,Electronics,9.9,3.9
ORD-2025906,2024-12-15,Ost,DPD,Books,136.9,5.0
ORD-2026563,2024-12-15,Zentral,GLS,Apparel,95.42,2.5
ORD-2028974,2024-12-15,Zentral,DHL,Electronics,39.83,2.7
ORD-2026794,2024-12-15,Ost,GLS,Home,33.91,5.9
ORD-2024866,2024-12-15,Nord,DPD,Electronics,110.19,7.2
ORD-2024949,2024-12-15,West,GLS,Apparel,139.09,4.4
ORD-2024952,2024-12-15,Nord,DHL,Electronics,68.27,2.9
ORD-2026759,2024-12-15,Sued,DPD,Books,40.11,4.0
ORD-2024420,2024-12-15,Sued,DHL,Food,58.34,3.4
ORD-2027058,2024-12-15,Sued,DHL,Home,136.28,4.0
ORD-2027943,2024-12-16,Nord,DHL,Food,27.22,2.3
ORD-2026596,2024-12-16,Sued,GLS,Books,62.61,8.2
ORD-2026180,2024-12-16,West,UPS,Electronics,165.44,2.0
ORD-2024743,2024-12-16,Sued,Hermes,Apparel,93.32,5.2
ORD-2028113,2024-12-16,Sued,DHL,Home,19.86,2.5
ORD-2028828,2024-12-16,Sued,DHL,Apparel,13.19,2.8
ORD-2024074,2024-12-16,Zentral,DPD,Apparel,40.45,3.8
ORD-2027892,2024-12-16,Nord,Hermes,Electronics,19.37,2.6
ORD-2027981,2024-12-17,Zentral,Hermes,Food,11.44,6.6
ORD-2024245,2024-12-17,Zentral,DHL,Home,32.34,2.7
ORD-2027535,2024-12-17,Sued,DHL,Books,146.04,4.7
ORD-2024139,2024-12-17,Nord,DHL,Apparel,74.1,3.5
ORD-2025694,2024-12-17,Nord,DHL,Books,41.4,5.0
ORD-2024833,2024-12-17,Ost,GLS,Books,100.2,4.2
ORD-2028219,2024-12-17,Ost,DHL,Apparel,83.99,4.4
ORD-2027507,2024-12-17,Sued,DHL,Home,74.54,6.3
ORD-2028348,2024-12-17,Ost,Hermes,Apparel,68.59,4.2
ORD-2026564,2024-12-17,Sued,DPD,Apparel,23.61,2.9
ORD-2028525,2024-12-17,West,DHL,Apparel,58.18,3.3
ORD-2026049,2024-12-17,West,Hermes,Home,38.49,8.0
ORD-2025893,2024-12-17,Sued,GLS,Electronics,104.5,4.2
ORD-2025903,2024-12-18,Zentral,Hermes,Electronics,23.23,5.9
ORD-2025061,2024-12-18,West,DHL,Books,150.33,5.1
ORD-2025822,2024-12-18,Nord,GLS,Home,50.21,6.5
ORD-2027244,2024-12-18,Zentral,GLS,Apparel,8.24,2.9
ORD-2025094,2024-12-18,West,DHL,Home,52.08,3.2
ORD-2025635,2024-12-18,West,Hermes,Books,135.56,4.7
ORD-2026655,2024-12-18,Nord,DPD,Home,170.39,3.2
ORD-2028448,2024-12-18,West,DHL,Books,78.34,3.6
ORD-2027019,2024-12-18,Nord,DPD,Food,77.76,5.8
ORD-2026274,2024-12-18,West,GLS,Food,33.06,2.7
ORD-2026270,2024-12-18,Sued,UPS,Apparel,60.12,3.8
ORD-2025678,2024-12-19,Sued,DHL,Books,50.93,3.8
ORD-2025422,2024-12-19,Sued,DPD,Food,103.46,3.4
ORD-2026302,2024-12-19,Zentral,Hermes,Food,20.31,7.9
ORD-2028596,2024-12-19,West,DPD,Apparel,98.43,3.7
ORD-2025922,2024-12-19,Sued,DHL,Books,26.63,2.7
ORD-2027447,2024-12-19,Ost,DHL,Apparel,28.77,5.6
ORD-2025624,2024-12-19,Ost,UPS,Apparel,38.97,10.1
ORD-2026896,2024-12-19,West,DHL,Apparel,101.23,4.1
ORD-2027100,2024-12-19,West,DHL,Apparel,134.62,5.5
ORD-2026682,2024-12-19,Nord,Hermes,Electronics,31.35,5.0
ORD-2028061,2024-12-19,Zentral,DHL,Home,141.73,3.9
ORD-2027461,2024-12-19,West,DHL,Apparel,134.86,4.3
ORD-2027360,2024-12-19,Ost,DHL,Home,89.99,5.2
ORD-2027970,2024-12-19,West,DHL,Home,36.18,4.0
ORD-2024389,2024-12-19,Sued,GLS,Electronics,199.38,6.5
ORD-2028470,2024-12-19,West,DHL,Food,36.13,4.5
ORD-2027485,2024-12-19,West,DHL,Books,99.34,3.8
ORD-2027672,2024-12-19,Sued,GLS,Apparel,112.3,4.9
ORD-2027741,2024-12-20,Zentral,DHL,Apparel,18.92,4.7
ORD-2025303,2024-12-20,Ost,DHL,Books,70.55,3.1
ORD-2024877,2024-12-20,Nord,DPD,Books,23.6,3.0
ORD-2026120,2024-12-20,Nord,DHL,Books,46.33,2.7
ORD-2027089,2024-12-20,Ost,DHL,Food,141.18,2.9
ORD-2027949,2024-12-20,Ost,DHL,Electronics,72.31,3.1
ORD-2024422,2024-12-20,Zentral,DPD,Electronics,84.07,3.3
ORD-2024557,2024-12-20,Sued,DHL,Apparel,90.58,2.9
ORD-2027601,2024-12-20,West,DHL,Food,72.93,3.6
ORD-2024376,2024-12-20,Nord,DPD,Books,85.39,5.4
ORD-2025939,2024-12-20,West,DHL,Electronics,100.12,3.7
ORD-2027230,2024-12-20,West,Hermes,Books,6.54,6.0
ORD-2028844,2024-12-20,West,DPD,Home,20.91,3.1
ORD-2028720,2024-12-20,Ost,DHL,Books,43.42,2.4
ORD-2025880,2024-12-21,Nord,UPS,Home,24.06,3.5
ORD-2028777,2024-12-21,Sued,Hermes,Books,60.25,5.8
ORD-2025646,2024-12-21,Sued,DPD,Electronics,28.52,3.5
ORD-2028839,2024-12-21,West,DPD,Food,30.93,5.0
ORD-2026811,2024-12-21,Nord,UPS,Home,101.63,3.8
ORD-2025663,2024-12-21,Nord,GLS,Food,14.48,5.0
ORD-2025341,2024-12-21,West,DHL,Home,99.82,3.6
ORD-2024998,2024-12-21,Sued,DHL,Electronics,31.93,1.8
ORD-2027776,2024-12-21,Zentral,DPD,Home,27.67,4.9
ORD-2026754,2024-12-21,Zentral,Hermes,Electronics,21.71,3.8
ORD-2028366,2024-12-21,West,GLS,Electronics,14.81,2.8
ORD-2025142,2024-12-21,Nord,UPS,Electronics,15.65,3.6
ORD-2027799,2024-12-21,Ost,UPS,Food,71.4,4.3
ORD-2028176,2024-12-22,Nord,DHL,Electronics,27.5,3.5
ORD-2028715,2024-12-22,West,Hermes,Electronics,49.66,3.6
ORD-2028144,2024-12-22,Nord,DPD,Home,135.27,4.8
ORD-2024698,2024-12-22,Sued,UPS,Electronics,91.84,3.4
ORD-2028123,2024-12-22,West,DHL,Food,106.82,3.5
ORD-2027958,2024-12-22,Sued,DHL,Food,33.92,4.8
ORD-2024540,2024-12-22,West,DHL,Electronics,39.45,3.2
ORD-2027174,2024-12-22,West,DHL,Home,73.82,3.7
ORD-2028784,2024-12-22,Zentral,GLS,Home,9.92,3.7
ORD-2025742,2024-12-22,Nord,DPD,Apparel,63.14,4.9
ORD-2024481,2024-12-22,Sued,DHL,Electronics,40.75,2.0
ORD-2027342,2024-12-22,Sued,GLS,Electronics,119.61,5.1
ORD-2025585,2024-12-22,Sued,DPD,Home,80.71,3.8
ORD-2027423,2024-12-22,West,UPS,Electronics,77.88,2.8
ORD-2028436,2024-12-23,Zentral,Hermes,Electronics,34.99,7.8
ORD-2028984,2024-12-23,Ost,DHL,Apparel,24.41,3.7
ORD-2024745,2024-12-23,Sued,DHL,Home,92.28,1.8
ORD-2027599,2024-12-23,Nord,DHL,Apparel,27.38,2.7
ORD-2026050,2024-12-23,Ost,Hermes,Electronics,60.12,3.7
ORD-2027618,2024-12-23,Zentral,DHL,Food,249.44,4.6
ORD-2024685,2024-12-23,Sued,DHL,Apparel,92.46,5.0
ORD-2027963,2024-12-23,Zentral,Hermes,Home,20.72,3.4
ORD-2027611,2024-12-23,West,DPD,Home,293.69,3.6
ORD-2026784,2024-12-24,West,DHL,Apparel,153.44,4.9
ORD-2027738,2024-12-24,West,UPS,Home,78.54,3.8
ORD-2025514,2024-12-24,Sued,DPD,Apparel,55.78,2.5
ORD-2028034,2024-12-24,Zentral,Hermes,Books,38.82,3.2
ORD-2024180,2024-12-24,Zentral,GLS,Electronics,146.26,5.2
ORD-2026718,2024-12-24,Sued,GLS,Electronics,71.52,5.1
ORD-2024131,2024-12-24,Ost,Hermes,Food,35.78,6.9
ORD-2025323,2024-12-24,Zentral,Hermes,Home,119.8,5.4
ORD-2025240,2024-12-24,Sued,GLS,Books,33.32,1.9
ORD-2025846,2024-12-24,Sued,GLS,Food,151.0,4.8
ORD-2026455,2024-12-24,Zentral,DPD,Home,50.23,3.3
ORD-2025833,2024-12-24,Sued,DHL,Apparel,46.37,4.4
ORD-2027455,2024-12-24,Nord,UPS,Food,66.57,2.7
ORD-2027890,2024-12-25,Ost,DPD,Apparel,45.83,5.9
ORD-2027369,2024-12-25,West,DHL,Apparel,32.21,4.5
ORD-2025211,2024-12-25,Nord,DPD,Apparel,63.99,4.2
ORD-2024013,2024-12-25,Ost,DHL,Home,23.58,2.3
ORD-2025840,2024-12-25,Ost,UPS,Electronics,27.02,4.1
ORD-2028996,2024-12-25,Zentral,UPS,Electronics,50.87,3.7
ORD-2024251,2024-12-25,Nord,Hermes,Apparel,79.09,6.0
ORD-2024829,2024-12-25,Ost,DHL,Books,142.36,4.0
ORD-2028004,2024-12-25,Ost,DHL,Food,56.18,3.5
ORD-2026575,2024-12-25,Zentral,DPD,Electronics,20.05,4.9
ORD-2024062,2024-12-25,Sued,Hermes,Home,75.2,4.1
ORD-2025125,2024-12-25,West,GLS,Food,41.97,3.3
ORD-2026331,2024-12-25,Ost,UPS,Electronics,73.22,2.4
ORD-2024121,2024-12-25,Sued,Hermes,Food,70.22,3.8
ORD-2025676,2024-12-25,Zentral,UPS,Food,103.86,4.1
ORD-2024358,2024-12-25,West,UPS,Apparel,52.01,3.2
ORD-2026628,2024-12-25,Sued,GLS,Home,60.65,2.5
ORD-2028667,2024-12-25,Ost,Hermes,Home,26.46,6.0
ORD-2026351,2024-12-26,Ost,DPD,Electronics,55.21,3.2
ORD-2027153,2024-12-26,Sued,DPD,Home,225.27,5.0
ORD-2027189,2024-12-26,Ost,Hermes,Books,18.43,7.5
ORD-2027910,2024-12-26,Sued,DHL,Apparel,224.34,3.4
ORD-2025981,2024-12-26,West,Hermes,Electronics,15.67,4.4
ORD-2025895,2024-12-26,West,GLS,Apparel,15.57,5.5
ORD-2024558,2024-12-26,Ost,Hermes,Apparel,17.6,9.1
ORD-2027212,2024-12-26,West,DHL,Books,9.8,3.7
ORD-2028300,2024-12-26,Nord,DHL,Apparel,49.58,4.3
ORD-2024647,2024-12-26,West,DHL,Apparel,100.43,3.1
ORD-2026077,2024-12-26,West,DPD,Books,13.62,5.6
ORD-2027747,2024-12-26,Nord,UPS,Apparel,126.52,1.8
ORD-2027675,2024-12-26,West,DHL,Books,19.19,3.3
ORD-2025204,2024-12-26,Sued,DHL,Books,119.05,3.7
ORD-2025036,2024-12-26,Ost,DHL,Electronics,26.68,4.1
ORD-2026681,2024-12-27,Zentral,DHL,Home,46.88,4.2
ORD-2027979,2024-12-27,Nord,Hermes,Home,67.4,2.8
ORD-2026195,2024-12-27,Zentral,DPD,Electronics,25.7,7.0
ORD-2026670,2024-12-27,Nord,UPS,Food,147.06,3.8
ORD-2025868,2024-12-27,Zentral,DHL,Books,46.38,3.3
ORD-2027226,2024-12-27,Sued,DPD,Electronics,28.69,2.9
ORD-2028083,2024-12-27,West,DHL,Home,14.35,3.5
ORD-2028529,2024-12-27,Nord,UPS,Food,90.73,2.5
ORD-2025350,2024-12-27,Nord,DHL,Apparel,39.13,2.9
ORD-2027883,2024-12-27,Sued,Hermes,Apparel,51.96,4.6
ORD-2026858,2024-12-28,West,DPD,Home,169.2,4.2
ORD-2028482,2024-12-28,Ost,GLS,Home,55.22,5.7
ORD-2025641,2024-12-28,Zentral,DHL,Home,19.88,3.1
ORD-2028458,2024-12-28,Sued,DHL,Electronics,72.14,4.4
ORD-2025369,2024-12-28,Sued,Hermes,Electronics,31.25,5.1
ORD-2024898,2024-12-28,Ost,DPD,Electronics,53.47,4.8
ORD-2025659,2024-12-28,Zentral,GLS,Apparel,38.27,3.8
ORD-2028588,2024-12-28,Nord,DHL,Books,26.07,3.4
ORD-2027252,2024-12-28,Zentral,GLS,Apparel,93.12,4.2
ORD-2025133,2024-12-28,Zentral,DHL,Home,44.57,4.0
ORD-2026985,2024-12-28,Nord,GLS,Electronics,36.81,5.2
ORD-2027409,2024-12-28,Nord,GLS,Apparel,69.38,2.8
ORD-2025305,2024-12-29,Sued,GLS,Apparel,218.56,2.9
ORD-2028978,2024-12-29,West,DPD,Food,83.12,19.2
ORD-2027359,2024-12-29,Sued,Hermes,Books,30.81,4.3
ORD-2024630,2024-12-29,West,UPS,Apparel,68.51,2.7
ORD-2026835,2024-12-29,Zentral,UPS,Electronics,30.18,2.2
ORD-2025185,2024-12-29,Zentral,DPD,Apparel,38.61,4.9
ORD-2026827,2024-12-29,Ost,Hermes,Apparel,57.44,2.1
ORD-2025483,2024-12-29,Sued,DHL,Home,123.12,2.6
ORD-2028931,2024-12-29,Sued,Hermes,Books,69.48,6.2
ORD-2024037,2024-12-29,Ost,DHL,Electronics,78.35,2.4
ORD-2026675,2024-12-29,Nord,DHL,Apparel,10.04,3.6
ORD-2027030,2024-12-29,Nord,GLS,Food,190.69,2.4
ORD-2027031,2024-12-29,Sued,DHL,Food,30.42,2.3
ORD-2028012,2024-12-29,West,DPD,Books,20.72,3.6
ORD-2025913,2024-12-29,West,DPD,Apparel,12.34,6.1
ORD-2027724,2024-12-29,West,Hermes,Books,32.47,5.7
ORD-2028644,2024-12-29,Nord,DHL,Home,95.98,2.3
ORD-2026333,2024-12-29,Sued,DPD,Food,46.37,4.8
ORD-2026144,2024-12-29,West,DHL,Food,35.73,3.6
ORD-2025100,2024-12-30,Nord,DHL,Home,24.19,3.7
ORD-2024419,2024-12-30,Nord,Hermes,Books,33.41,5.4
ORD-2025402,2024-12-30,Zentral,Hermes,Books,23.88,6.9
ORD-2028051,2024-12-30,West,DHL,Apparel,111.31,4.2
ORD-2027526,2024-12-30,Zentral,UPS,Apparel,72.44,2.3
ORD-2026799,2024-12-30,Ost,DPD,Food,10.38,3.7
ORD-2024312,2024-12-30,Zentral,UPS,Home,47.22,3.3
ORD-2027442,2024-12-30,West,Hermes,Apparel,84.9,7.4
ORD-2025449,2024-12-30,Zentral,UPS,Apparel,187.93,3.1
ORD-2024889,2024-12-30,West,DHL,Electronics,15.17,4.7
ORD-2026981,2024-12-30,Sued,DPD,Home,49.27,4.4
ORD-2024940,2024-12-30,West,UPS,Apparel,16.84,3.0
ORD-2028111,2024-12-30,West,DHL,Books,13.15,3.2
ORD-2025681,2024-12-30,West,GLS,Home,91.6,3.9
ORD-2024618,2024-12-30,West,DHL,Apparel,130.57,3.4
ORD-2028825,2024-12-30,Nord,DHL,Electronics,75.74,3.6
ORD-2027400,2024-12-30,Zentral,DHL,Electronics,41.31,4.3
ORD-2024719,2024-12-30,Ost,DHL,Books,107.02,4.5
ORD-2026101,2024-12-30,Nord,UPS,Electronics,49.14,3.6
